{"id": 10004, "subject": "如图，已知∠B＝20°，∠C＝30°，若MP和QN分别垂直平分AB和AC，则∠PAQ等于（）", "choices": ["50°", "75°", "80°", "105°"], "lable": 3, "formal_point": ["线段垂直平分线的性质"], "answer": "在△ABC中，∠B＝20°，∠C＝30°，∴∠BAC＝180°﹣20°﹣30°＝130°，∵MP和QN分别垂直平分AB和AC，∴PA＝PB，QA＝QC，∴∠PAB＝∠B＝20°，∠QAC＝∠C＝30°，∴∠PAQ＝130°﹣20°﹣30°＝80°．故选：C．", "comment": "本题考查的是线段垂直平分线的性质、三角形内角和定理，掌握线段的垂直平分线上的点到线段的两个端点的距离相等是解题的关键．"}