{"id": 10001, "subject": "如图，在Rt△ABC中，∠C＝90°，AB边的垂直平分线DE交BC于点D，交AB于点E，连接AD，AD将∠CAB分成两个角，且∠CAD：∠BAD＝2：5，则∠ADC的度数是（）", "choices": ["70°", "75°", "80°", "85°"], "lable": 2, "formal_point": ["线段垂直平分线的性质"], "answer": "设∠CAD＝2x°，∠BAD＝5x°，∵AB的垂直平分线是DE，∴BD＝AD，∴∠BAD＝∠B，即∠B＝5x°，∵∠C＝90°，∴∠CAB+∠B＝90°，∴2x+5x+5x＝90，解得：x＝7.5，即∠B＝∠BAD＝（37.5）°，∴∠ADC＝∠B+∠BAD＝（37.5）°+（37.5）°＝75°．故选：B．", "comment": "本题考查了线段垂直平分线的性质，等腰三角形的性质，直角三角形的性质，三角形的外角性质等知识点，能熟记线段垂直平分线上的点到线段两个端点的距离相等是解此题的关键．"}