{"id": 10005, "subject": "如图，在Rt△ABC中，∠ACB＝90°，∠A＝52°，以点B为圆心，BC长为半径画弧，交AB于点D，连接CD，则∠ADC的度数为（）", "choices": ["142°", "132°", "119°", "109°"], "lable": 4, "formal_point": ["等腰三角形的性质"], "answer": "∵在Rt△ABC中，∠ACB＝90°，∠A＝52°，∴∠B＝38°，∵BC＝BD，∴∠BCD＝∠BDC＝0.5（180°﹣38°）＝71°，∴∠ACD＝90°﹣71°＝19°，∴∠ADC＝180°﹣∠A﹣∠ACD＝180°﹣52°﹣19°＝109°．故选：D．", "comment": "本题考查了等腰三角形的性质，三角形的内角和定理，正确的理解题意是解题的关键．"}