{"id": 10002, "subject": "如图，直线l1∥l2，△ABC是等边三角形．若∠1＝40°，则∠2的大小为（）", "choices": ["60°", "80°", "90°", "100°"], "lable": 2, "formal_point": ["平行线的性质", "等边三角形的性质"], "answer": "如图，∵△ABC是等边三角形，∴∠A＝60°，∵∠1＝40°，∴∠3＝∠1+∠A＝40°+60°＝100°，∵直线l1∥l2，∴∠2+∠3＝180°，∴∠2＝180°﹣∠3＝80°．故选：B．", "comment": "本题考查了等边三角形的性质和平行线的性质，熟记等边三角形的性质和平行线的性质是解题的关键．"}