{"id": 10009, "subject": "如图，在△ABC中，AB＝AC，AD为BC边上的中线，∠B＝25°，则∠BAD的度数为（）", "choices": ["55°", "65°", "75°", "85°"], "lable": 2, "formal_point": ["等腰三角形的性质"], "answer": "∵AB＝AC，AD为BC边上的中线，∴AD⊥BC，∴∠BAD＝90°﹣∠B＝65°．故选：B．", "comment": "此题主要考查等腰三角形顶角的平分线、底边的中线、底边的高互相重合三线合一的性质；利用三角形的内角和定理求角度是常用的方法，要熟练掌握．"}