{"id": 10006, "subject": "如图，△ABC中，AB＝AC，∠BAC＝100°，AD是BC边上的中线，CE平分∠BCA交AB于点E，AD、CE相交于点F，则∠CFA的度数是（）", "choices": ["100°", "105°", "110°", "120°"], "lable": 3, "formal_point": ["等腰三角形的性质"], "answer": "在△ABC中，AB＝AC，∠BAC＝100°，∴∠ACB＝（180°﹣100°）÷2＝40°，∵CE平分∠BCA，∴∠BCE＝20°，∵AD是BC边上的中线，∴∠ADC＝90°，∴∠CFA＝90°+20°＝110°．故选：C．", "comment": "本题考查了等腰三角形的性质，角平分线的性质，三角形外角的性质，关键是求得∠BCE．"}