{"id": 10003, "subject": "如图，在△ABC中，直线BD垂直平分AC，∠A＝20°，则∠CBD的大小是（）", "choices": ["20°", "30°", "60°", "70°"], "lable": 4, "formal_point": ["线段垂直平分线的性质"], "answer": "∵直线BD垂直平分AC，∴BA＝BC，BD⊥AC，∴∠C＝∠A＝20°，∠BDC＝90°，∴∠CBD＝90°﹣∠A＝70°．故选：D．", "comment": "本题考查了线段垂直平分线的性质：垂直平分线垂直且平分其所在线段；垂直平分线上任意一点到线段两端点的距离相等．"}