{"id": 10000, "subject": "如图，在等腰△ABC中，AB＝AC，D、E分别在BC、AC上，AD＝DE，BD＝CE，若∠ADE＝m°，则∠BAD的度数是（）", "choices": ["m°", "（90﹣0.5m）°", "（90﹣m）°", "（90﹣1.5m）°"], "lable": 4, "formal_point": ["等腰三角形的性质"], "answer": "分别过点E、D作EF⊥CD、DG⊥AB，垂直分别为F、G，∵AB＝AC，∴∠B＝∠C，∵EF⊥CD，DG⊥AB，∴∠EFC＝∠DGB＝90°，在△CEF和△BDG中∠EFC=∠DGB∠C=∠BCE=BD∴△CEF≌△DGB（AAS），∴EF＝DG，在Rt△DEF和Rt△ADG中DE=ADEF=DG∴Rt△DEF≌Rt△ADG（HL），∴∠CED＝∠ADB，∠EDC＝∠DAB，∵AD＝ED，∠ADE＝m°，∴∠DEA＝（0.5(180-m)）°，∴∠ADB＝∠CED＝（180﹣0.5*(180-m)）°，∴∠BAD＝∠EDC＝180°﹣（∠ADB+∠ADE）＝180°﹣（180﹣0.5*(180-m)+m）°＝（90﹣1.5*m）°．故选：D．", "comment": "本题主要考查了全等三角形的判定、等腰三角形的性质等知识，能够根据线段相等等已知条件构造全等三角形是解答此题的关键．"}