{"id": 10008, "subject": "如图，在Rt△ABC中，∠ACB＝90°，以点B为圆心，BC长为半径画弧，交AB于点D，连接CD，∠ACD＝20°，则∠A的度数是（）", "choices": ["50°", "40°", "30°", "20°"], "lable": 1, "formal_point": ["等腰三角形的性质"], "answer": "在Rt△ABC中，∠ACB＝90°，∠ACD＝20°，∴∠BCD＝70°，∵BC＝BD，∴∠BDC＝∠BCD＝70°，∴∠B＝180°﹣70°﹣70°＝40°，∴∠A＝90°﹣40°＝50°．故选：A．", "comment": "本题考查了等腰三角形的性质，三角形的内角和定理，正确的理解题意是解题的关键．"}