{"id": 10018, "subject": "如图，小明同学在折幸运星时，将一张长方形的纸条折成一个正五边形，则图中∠1的度数为（）", "choices": ["72°", "80°", "90°", "108°"], "lable": 1, "formal_point": ["多边形内角与外角"], "answer": "由题得：∠1为正五边形的外角．根据正多边形的性质，每个外角相等，∴∠1＝360°÷5＝72°．故选：A．", "comment": "本题主要考查多边形的外角、正多边形的性质、任意多边形的外角和，熟练掌握多边形的外角、正多边形的性质、任意多边形的外角和等于360°是解决本题的关键．"}