{"id": 10010, "subject": "如图，将一副学生用三角板（一个锐角为30°的直角三角形，一个锐角为45°的直角三角形）的直角顶点重合并如图叠放，当∠DEB＝m°，则∠AOC＝（）", "choices": ["30°", "（m﹣15）°", "（m+15）°", "m°"], "lable": 2, "formal_point": ["直角三角形的性质"], "answer": "∵∠DEB＝m°，∴∠AEC＝∠DEB＝m°，∵∠A+∠AEC＝∠C+∠AOC，∠C＝45°，∠A＝30°，∴30°+m°＝45°+∠AOC，∴∠AOC＝（m﹣15）°．故选：B．", "comment": "本题考查了直角三角形的选择，三角形的内角和定理，正确的识别图形是解题的关键．"}