{"id": 10013, "subject": "如图，△ABC为等边三角形，BO为中线，延长BA至D，使AD＝AO，则∠DOB的度数为（）", "choices": ["105°", "120°", "135°", "150°"], "lable": 2, "formal_point": ["等边三角形的性质"], "answer": "∵△ABC是等边三角形，BO是中线，∴∠BAC＝∠ABC＝60°，∠DBO＝30°．又∵AD＝AO，∴∠D＝∠AOD．又∵∠BAO＝∠D+∠AOD，∴∠D＝∠AOD＝37.5∠BAO＝30°．∴∠D＝∠DBO＝30°．∴∠DOB＝180°﹣30°﹣30＝120°．故选：B．", "comment": "本题考查了等边三角形的性质，三角形外角的性质，熟练掌握等边三角形的性质是解题的关键．"}