{"id": 10015, "subject": "如图，点D在AC上，点E在AB上，且AB＝AC，BC＝BD，AD＝DE＝BE，则∠A＝（）", "choices": ["30", "36", "45", "50"], "lable": 3, "formal_point": ["等腰三角形的性质"], "answer": "设∠ABD＝x，∵DE＝BE，∴∠AED＝2x，又∵AD＝DE，∴∠A＝∠AED＝2x，∴∠BDC＝x+2x＝3x，而BC＝BD，则∠C＝3x，∵AB＝AC，∴∠ABC＝3x，∴3x+3x+2x＝180°，∴∠A＝2x＝45°．故选：C．", "comment": "本题考查了等腰三角形的性质和三角形的内角和定理；学会运用代数法解决几何计算问题，这是一种非常重要的方法，要熟练掌握．"}