{"id": 10011, "subject": "如图，已知AE交CD于点O，AB∥CD，OC＝OE，∠A＝50°，则∠C的大小为（）", "choices": ["10°", "15°", "25°", "30°"], "lable": 3, "formal_point": ["平行线的性质", "等腰三角形的性质"], "answer": "∵AB∥CD，∠A＝50°，∴∠DOE＝∠A＝50°，∵OC＝OE，∴∠C＝∠E，∴∠C＝0.5∠DOE＝25°．故选：C．", "comment": "本题主要考查了等腰三角形的性质、平行线的性质和外角的性质，综合运用性质定理是解答此题的关键．"}