{"id": 10012, "subject": "如图，将等边△ABC的顶点B放在一组平行线的直线b上，边AB，AC分别交直线a于D，E两点，若∠1＝40°，则∠2的大小为（）", "choices": ["24°", "22°", "20°", "18°"], "lable": 3, "formal_point": ["平行线的性质", "等边三角形的性质"], "answer": "过点C作CF∥a，则CF∥a∥b，∴∠1＝∠ACF＝40°，∠2＝∠BCF．∵等边三角形ABC中，∠ACB＝60°，∴∠BCF＝60°﹣40°＝20°，∴∠2＝∠BCF＝20°．故选：C．", "comment": "本题考查平行线的性质和等边三角形的性质，正确作出辅助线是解题关键．"}