{"id": 10014, "subject": "如图，已知AB∥CD，AC＝BC，若∠1＝70°，则∠2的度数为（）", "choices": ["40°", "45°", "50°", "55°"], "lable": 1, "formal_point": ["平行线的性质", "等腰三角形的性质"], "answer": "如图所示，∵AB∥CD，∠1＝70°，∴∠1＝∠3＝70°，∵AC＝BC，∴∠3＝∠4＝70°，∴∠2＝180°﹣∠3﹣∠4＝180°﹣70°﹣70°＝40°．故选：A．", "comment": "这道题考查了平行线的性质定理和等腰三角形的性质定理，熟练掌握有关定理是解决本题的关键．"}