{"id": 10017, "subject": "如图，在△ABC中，∠ACB＝120°，分别以AC，BC为边，向△ABC外作正方形ACDE和正五边形BCFGH，则∠DCF的大小为（）", "choices": ["32°", "42°", "52°", "48°"], "lable": 2, "formal_point": ["多边形内角与外角"], "answer": "∵四边形ACDE是正方形，∴∠ACD＝90°．∵五边形BCFGH是正五边形，∴∠FCB＝180°﹣72°＝108°．∴∠DCF＝360°﹣∠ACD﹣∠FCB﹣∠ACB＝360°﹣90°﹣108°﹣120°＝42°．故选：B．", "comment": "本题主要考查正多边形的性质，熟练掌握正多边形的性质是解决本题的关键．"}