{"id": 10016, "subject": "如图，求∠A+∠B+∠C+∠D+∠E+∠F＝（）", "choices": ["90°", "130°", "180°", "360°"], "lable": 4, "formal_point": ["三角形内角和定理", "三角形的外角性质", "多边形内角与外角"], "answer": "如图，连接AD，∵∠1＝∠E+∠F，∠1＝∠ADE+∠DAF，∴∠E+∠F＝∠ADE+∠DAF，∴∠BAD+∠B+∠C+∠CDA＝360°，∴∠BAF+∠B+∠C+∠CDE+∠E+∠F＝360°．∴∠A+∠B+∠C+∠D+∠E+∠F的度数是360°．故选：D．", "comment": "本题考查的是三角形内角与外角的关系，涉及到四边形及三角形内角和定理，正确作出辅助线是解答本题的关键．"}