{"id": 10019, "subject": "如图，正五边形ABCDE和正六边形EFGHMN的边CD、FG在直线l上，正五边形在正六边形左侧，两个正多边形均在直线l的同侧，则∠DEF的大小是（）", "choices": ["50°", "58°", "48°", "38°"], "lable": 3, "formal_point": ["多边形内角与外角"], "answer": "∵五边形ABCDE是正五边形，∴每个内角度数为108°．∴∠EDC＝108°，∴∠EDF＝72°，同理可得正六边形BFGHMN每个内角度数为120°．∴∠EFG＝120°，∴∠EFD＝60°，∴∠DEF＝180°﹣∠EDF﹣∠EFD＝180°﹣72°﹣60°＝48°．故选：C．", "comment": "本题主要考查多边形内角和的计算，以及正多边形每个内角度数的计算，熟记公式的解题的关键．"}