{"id": 10027, "subject": "如图，在▱ABCD中，∠ABC＝125°，∠CAD＝21°，则∠CAB的度数是（）", "choices": ["21°", "34°", "35°", "55°"], "lable": 2, "formal_point": ["平行四边形的性质"], "answer": "∵四边形ABCD是平行四边形，∠ABC＝125°，∴AB∥CD，∠ABC＝∠ADC＝125°，∴∠ADC+∠DAB＝180°，则∠DAB＝180°﹣125°＝55°．又∵∠CAD＝21°，∴∠CAB＝∠DAB﹣∠CAD＝55°﹣21°＝34°．故选：B．", "comment": "本题考查了平行四边形的性质．此题利用的性质是：平行四边形的对角相等、对边相互平行．"}