{"id": 10024, "subject": "如图，在▱ABCD中，∠ADC＝135°，∠CAD＝23°，则∠CAB等于（）", "choices": ["22°", "23°", "32°", "45°"], "lable": 1, "formal_point": ["平行四边形的性质"], "answer": "∵四边形ABCD是平行四边形，∠ADC＝135°，∴AB∥CD，∠ABC＝∠ADC＝135°，∴∠ADC+∠DAB＝180°，则∠DAB＝180°﹣135°＝45°．又∵∠CAD＝23°，∴∠CAB＝∠DAB﹣∠CAD＝45°﹣23°＝22°．故选：A．", "comment": "本题考查了平行四边形的性质．此题利用的性质是：平行四边形的对角相等、对边相互平行．"}