{"id": 10021, "subject": "如图，五边形ABCDE是正五边形，若l1∥l2，则∠1﹣∠2的值是（）", "choices": ["108°", "36°", "72°", "144°"], "lable": 3, "formal_point": ["平行线的性质", "三角形的外角性质", "多边形内角与外角"], "answer": "如图，延长AB并交l2于点M．∵五边形ABCDE是正五边形，∴正五边形ABCDE的每个外角相等．∴∠MBC＝360÷6＝72°．∵l1∥l2，∴∠2＝∠BMD．∵∠1＝∠BMD+∠MBC，∴∠BMD＝∠1﹣∠MBC．∴∠1﹣∠2＝∠MBC＝72°．故选：C．", "comment": "本题主要考查正多边形的性质、三角形外角的性质以及平行线的性质，熟练掌握正多边形的性质是解决本题的关键．"}