{"id": 10020, "subject": "如图，四边形ABCD中，AD＝BC，点P是对角线BD的中点，E、F分别是AB、CD的中点，若∠EPF＝130°，则∠PEF的度数为（）", "choices": ["25°", "30°", "35°", "50°"], "lable": 1, "formal_point": ["三角形中位线定理"], "answer": "∵P、F分别是BD、CD的中点，∴PF＝0.5BC，同理可得：PE＝0.5AD，∵AD＝BC，∴PF＝PE，∵∠EPF＝130°，∴∠PEF＝∠PFE＝0.5×（180°﹣130°）＝25°．故选：A．", "comment": "本题考查的是三角形中位线定理、等腰三角形的性质、三角形内角和定理，掌握三角形的中位线平行于第三边，且等于第三边的一半是解题的关键．"}