{"id": 10022, "subject": "如图，在平行四边形ABCD中，∠B＝60°，AE平分∠BAD交BC于点E，若∠AED＝80°，则∠EAC的度数是（）", "choices": ["10°", "15°", "20°", "25°"], "lable": 3, "formal_point": ["平行四边形的性质"], "answer": "∵四边形ABCD是平行四边形，∴AB＝CD，∠B＝∠ADC＝60°，AD∥BC，∴∠BAD＝180°﹣∠B＝180°﹣60°＝120°，∵AE平分∠BAD，∴∠BAE＝∠DAE＝0.5∠BAD＝60°，∴∠B＝∠DAE，△ABE是等边三角形，∴AB＝AE，在△BAC和△AED中，AB=EA∠B=∠DAEBC=AD，∴△BAC≌△AED（SAS），∴∠BAC＝∠AED＝80°，∴∠EAC＝∠BAC﹣∠BAE＝80°﹣60°＝20°．故选：C．", "comment": "本题考查了平行四边形的性质、等边三角形的判定与性质、全等三角形的判定与性质等知识；熟练掌握平行四边形的性质，证明△BAC≌△AED是解题的关键．"}