{"id": 10023, "subject": "如图，点D，E分别是△ABC的边AB，AC的中点，连接DE．若∠B＝50°，∠A＝60°，则∠AED的度数等于（）", "choices": ["50°", "60°", "70°", "80°"], "lable": 3, "formal_point": ["三角形中位线定理"], "answer": "∵∠B＝50°，∠A＝60°，∴∠ACB＝180°﹣∠A﹣∠B＝180°﹣60°﹣50°＝70°，∵点D，E分别是△ABC的边AB，AC的中点，∴DE∥BC，∴∠AED＝∠ACB＝70°．故选：C．", "comment": "本题考查了三角形中位线定理和三角形内角和定理，利用三角形内角和定理求出∠ACB是解题的关键．"}