{"id": 10026, "subject": "如图，已知正五边形ABCDE和正△CDF，则∠AFE的度数为（）", "choices": ["42°", "48°", "66°", "84°"], "lable": 4, "formal_point": ["等边三角形的性质", "多边形内角与外角"], "answer": "∵五边形ABCDE是正五边形，∴∠EAB＝∠AED＝∠CDE＝（（5-2）*180）＝108°，CD＝DE，∵△CDF是等边三角形，∴CD＝DF，∴∠CDF＝60°，DE＝DF，∠EAF＝0.5∠EAB＝54°，∴∠EDF＝108°﹣60°＝48°，∴∠DEF＝（180°﹣48°）÷2＝66°，∴∠AEF＝108°﹣66°＝42°，∴∠AFE＝180°﹣∠AEF﹣∠EAF＝180°﹣42°﹣54°＝84°．故选：D．", "comment": "本题考查的是正多边形的内角与外角，掌握正多边形的内角的计算公式、等边三角形的性质、等腰三角形的性质是解题的关键．"}