{"id": 10030, "subject": "在探索数学名题“尺规三等分角”的过程中，有下面的问题：如图，点E在▱ABCD的对角线AC上，AE＝BE＝BC，∠D＝105°，则∠BAC的度数是（）", "choices": ["35°", "30°", "25°", "20°"], "lable": 3, "formal_point": ["平行四边形的性质"], "answer": "∵四边形ABCD是平行四边形，∴∠ABC＝∠D＝105°，AD＝BC，∵AD＝AE＝BE，∴BC＝AE＝BE，∴∠EAB＝∠EBA，∠BEC＝∠ECB，∵∠BEC＝∠EAB+∠EBA＝2∠EAB，∴∠ACB＝2∠CAB，∴∠CAB+∠ACB＝3∠CAB＝180°﹣∠ABC＝180°﹣105°＝75°，∴∠BAC＝25°．故选：C．", "comment": "本题考查了平行四边形的性质，三角形的内角和定理，三角形外角的性质，正确的识别图形是解题的关键．"}