{"id": 10038, "subject": "如图，在▱ABCD中，∠B+∠D＝140°，则∠C的度数为（）", "choices": ["140°", "120°", "110°", "100°"], "lable": 3, "formal_point": ["平行四边形的性质"], "answer": "在▱ABCD中，∠B+∠D＝140°，∴∠C+∠B＝180°，∠B＝∠D＝70°，∴∠C＝180°﹣∠B＝180°﹣70°＝110°．故选：C．", "comment": "本题考查平行四边形的性质，比较简单，解答本题的关键是掌握平行四边形的对角相等，邻角互补的性质．"}