{"id": 10033, "subject": "如图，在▱ABCD中，BD＝BC，AE⊥BD，垂足为E，若∠C＝55°，则∠EAB的度数为（）", "choices": ["25°", "30°", "35°", "40°"], "lable": 3, "formal_point": ["平行四边形的性质"], "answer": "∵BD＝BC，∴∠BDC＝∠C＝55°，∵四边形ABCD是平行四边形，∴AB∥CD，∴∠BDC＝∠ABE＝55°，∵AE⊥BD，∴∠AEB＝90°，∴∠EAB＝90°﹣55°＝35°．故选：C．", "comment": "此题考查了平行四边形的性质，三角形内角和定理，平行线的性质，等腰三角形的性质，掌握平行四边形对角相等，对边平行且相等，对角线互相平分是解题的关键．"}