{"id": 10036, "subject": "如图，已知在平行四边形ABCD中，∠A+∠C＝160°，则∠B的度数为（）", "choices": ["100°", "80°", "60°", "20°"], "lable": 1, "formal_point": ["平行四边形的性质"], "answer": "∵四边形ABCD是平行四边形，∴∠A＝∠C，AD∥BC，∴∠A+∠B＝180°，∵∠A+∠C＝160°，∴∠A＝∠C＝80°，∴∠B的度数是：100°．故选：A．", "comment": "此题主要考查了平行四边形的性质，正确把握平行四边形各角之间的关系是解题关键．"}