{"id": 10031, "subject": "如图，在△ABC中，点D，E分别是AC、AB的中点，点F是BC延长线上一点，∠A＝35°，∠AED＝30°，则∠ACF的度数为（）", "choices": ["60°", "65°", "70°", "85°"], "lable": 2, "formal_point": ["三角形中位线定理"], "answer": "∵D，E分别是AC、AB的中点，∴DE为△ACB的中位线，∴DE∥BC，∴∠B＝∠AED＝30°，∴∠ACF＝∠A+∠B＝35°+30°＝65°．故选：B．", "comment": "本题考查了三角形中位线定理、平行线的性质以及三角形的外角性质等知识；熟练掌握平行线的性质，由三角形中位线定理证出DE∥BC是解题的关键．"}