{"id": 10034, "subject": "如图，在平行四边形ABCD中，∠A+∠C＝130°，则∠B的度数为（）", "choices": ["130°", "115°", "105°", "95°"], "lable": 2, "formal_point": ["平行四边形的性质"], "answer": "∵四边形ABCD是平行四边形，∴∠A＝∠C，∵∠A+∠C＝130°，∴∠C＝65°，∴∠B＝180°﹣∠C＝115°．故选：B．", "comment": "此题考查了平行四边形的性质．此题比较简单，根据平行四边形对角相等解答是解此题的关键．"}