{"id": 10039, "subject": "如图，在平行四边形ABCD中，∠DBC＝25°，∠BAD＝115°，则∠BDC＝（）", "choices": ["25°", "30°", "40°", "65°"], "lable": 3, "formal_point": ["平行四边形的性质"], "answer": "∵四边形ABCD是平行四边形，∴AD∥BC，∠BAD+∠ADC＝180°，∴∠ADB＝∠DBC＝25°，∠ADC＝180°﹣∠BAD＝180°﹣115°＝65°，∴∠BDC＝∠ADC﹣∠ADB＝65°﹣25°＝40°．故选：C．", "comment": "本题考查了平行四边形的性质；熟记平行四边形的性质是解决问题的关键．"}