{"id": 10032, "subject": "如图，在▱ABCD中，BE平分∠ABC交DC于点E．若∠A＝60°，则∠DEB的大小为（）", "choices": ["130°", "125°", "120°", "115°"], "lable": 3, "formal_point": ["角平分线的定义", "平行四边形的性质"], "answer": "∵四边形ABCD是平行四边形，∴AD∥BC，DC∥AB，∴∠A+∠ABC＝180°，∠ABE+∠DEB＝180°，∵∠A＝60°，∴∠ABC＝120°，∵BE平分∠ABC，∴∠ABE＝60°，∴∠DEB＝120°．故选：C．", "comment": "本题考查平行四边形的性质、平行线的性质、角平分线的定义，利用数形结合的思想解答是解答本题的关键．"}