{"id": 10041, "subject": "如图，在▱ABCD中，∠B+∠D＝200°，则∠A的度数为（）", "choices": ["95°", "90°", "85°", "80°"], "lable": 4, "formal_point": ["平行四边形的性质"], "answer": "∵四边形ABCD是平行四边形，∴AD∥BC，∠B＝∠D，∴∠A+∠B＝180°，∵∠B+∠D＝200°，∴∠B＝∠D＝100°，∴∠A＝180°﹣∠B＝180°﹣100°＝80°．故选：D．", "comment": "本题考查平行四边形的性质以及平行线的性质；解答本题的关键是掌握平行四边形的对角相等，邻角互补的性质．"}