{"id": 10043, "subject": "如图，在▱ABCD中，点M是AB延长线上的一点，若∠D＝120°，则∠CBM的度数是（）", "choices": ["30°", "40°", "50°", "60°"], "lable": 4, "formal_point": ["平行四边形的性质"], "answer": "∵四边形ABCD是平行四边形，∴∠ABC＝∠D＝120°，∴∠CBM＝180°﹣∠ABC＝60°．故选：D．", "comment": "此题考查了平行线的性质与邻补角的定义．此题比较简单，注意平行四边形的对角相等定理的应用．"}