{"id": 10047, "subject": "如图，在平行四边形ABCD中，若∠A+∠C＝120°，则∠D的度数为（）", "choices": ["120°", "60°", "30°", "150°"], "lable": 1, "formal_point": ["平行四边形的性质"], "answer": "∵四边形ABCD是平行四边形，∴∠A＝∠C，AB∥CD，∴∠A+∠D＝180°，∵∠A+∠C＝120°，∴∠A＝60°，∴∠D＝180°﹣∠A＝120°．故选：A．", "comment": "此题考查了平行四边形的性质．此题比较简单，注意掌握数形结合思想的应用．"}