{"id": 10048, "subject": "将每一个内角都是108o的五边形按如图所示方式放置，若直线m∥n，则∠1和∠2的数量关系是（）", "choices": ["∠1+∠2＝90°", "∠1＝∠2+72o", "∠1＝∠2+36o", "2∠1+∠2＝180°"], "lable": 3, "formal_point": ["平行线的性质", "多边形内角与外角"], "answer": "如图，延长DC交直线n于2点H．由题意得：∠A＝∠B＝∠DCB＝108°．∴∠GCH＝180°﹣∠DCB＝180°﹣108°＝72°．∵∠1和∠4是对顶角，∴∠1＝∠4．∵∠4+∠5+∠A+∠B＝360°，∴∠4+∠5＝360°﹣（∠A+∠B）＝360°﹣（108°+108°）＝144°．∴∠1+∠5＝144°．∴∠5＝144°﹣∠1．∵∠5与∠CGH是对顶角，∴∠5＝∠CGH．∵m∥n，∴∠2＝∠CHG．又∵∠GCH+∠3+∠CGH＝180°，∴72°+∠2+∠5＝180°．∴∠5＝108°﹣∠2．∴108°﹣∠2＝144°﹣∠1．∴∠1＝∠2+36°．故选：C．", "comment": "本题主要考查正多边形的性质、平行线的性质、对顶角的性质以及三角形内角和定理，熟练掌握正多边形的性质、平行线的性质、对顶角的性质以及三角形内角和定理是解决本题的关键．"}