{"id": 10042, "subject": "如图，在▱ABCD中，AB＝BD，点E在BD上，CE＝CB．如果∠ADB＝65°，那么∠DCE等于（）", "choices": ["20°", "15°", "30°", "35°"], "lable": 2, "formal_point": ["等腰三角形的性质", "平行四边形的性质"], "answer": "∵AB＝BD，∠ADB＝65°，∴∠A＝∠ADB＝65°，∵AD∥BC，∴∠EBC＝∠ADB＝65°，∵CE＝BC，∴∠CEB＝∠EBC＝65°，∴∠ECB＝180°﹣65°﹣65°＝50°，∵∠DCB＝65°，∴∠DCE＝∠ECB＝65°﹣50°＝15°．故选：B．", "comment": "本题考查了平行线的性质，平行四边形的性质，三角形内角和定理，等腰三角形的性质的应用，能求出∠DCB和∠ECB的度数是解此题的关键，注意：平行四边形的对边平行，平行四边形的对角相等，难度适中．"}