{"id": 10045, "subject": "如图，E是▱ABCD的边DC的延长线上一点，连接AE，且AE＝DE，若∠E＝46°，则∠B的度数为（）", "choices": ["65°", "66°", "67°", "68°"], "lable": 3, "formal_point": ["平行四边形的性质"], "answer": "∵AE＝DE，∠E＝46°，∴∠D＝∠DAE＝0.5*（180°﹣46°）＝67°，∵四边形ABCD是平行四边形，∴∠B＝∠D＝67°．故选：C．", "comment": "本题考查了平行四边形的性质，等腰三角形的性质，三角形的内角和定理，熟记平行四边形的对角相等是解题的关键．"}