{"id": 10046, "subject": "如图，在▱ABCD中，若∠A＝2∠B，则∠D的度数为（）", "choices": ["30°", "45°", "70°", "60°"], "lable": 4, "formal_point": ["平行四边形的性质"], "answer": "∵四边形ABCD是平行四边形，∴AD∥BC，∠B＝∠D，∴∠A+∠B＝180°，∵∠A＝2∠B，∴2∠B+∠B＝180°，解得：∠B＝60°；∴∠D＝60°．故选：D．", "comment": "本题考查了平行四边形的性质；熟练掌握平行四边形的性质，并能进行推理计算是解决问题的关键．"}