{"id": 10052, "subject": "如图，将▱ABCD的一边BC延长至点E，若∠1＝80°，则∠A等于（）", "choices": ["80°", "120°", "100°", "110°"], "lable": 3, "formal_point": ["平行四边形的性质"], "answer": "∵四边形ABCD是平行四边形，∴AB∥DC，AD∥BC，∴∠1＝∠B，∠B+∠A＝180°，∵∠1＝80°，∴∠B＝80°，∴∠A＝100°．故选：C．", "comment": "本题考查平行四边形的性质，解答本题的关键是求出∠B的度数，利用数形结合的思想解答．"}