{"id": 10051, "subject": "如图，在△ABC中，AB＝AC，点D在AC上，以CB、CD为边作▱BCDE．若∠A＝40°，则∠E的度数为（）", "choices": ["40°", "50°", "60°", "70°"], "lable": 4, "formal_point": ["等腰三角形的性质", "平行四边形的性质"], "answer": "在△ABC中，∠A＝40°，AB＝AC，∴∠C＝（180°﹣40°）÷2＝70°，∵四边形BCDE是平行四边形，∴∠E＝70°．故选：D．", "comment": "考查了平行四边形的性质，等腰三角形的性质，关键是求出∠C的度数．"}