{"id": 10055, "subject": "如图，在▱ABCD中，对角线AC与BD交于点O，∠BAO＝80°，点F为AD中点，连接FO，若OD平分∠FOC，则∠ABD的度数是（）", "choices": ["40°", "50°", "60°", "80°"], "lable": 2, "formal_point": ["三角形中位线定理", "平行四边形的性质"], "answer": "∵四边形ABCD是平行四边形，∴OB＝OD，AB∥CD，∴∠OCD＝∠BAO＝80°，∠ABD＝∠CDO，∵点F为AD中点，∴OF为△ABD的中位线，∴OF∥AB，∴∠AOF＝∠BAO＝80°，∴∠FOC＝180°﹣80°＝100°，∵OD平分∠FOC，∴∠COD＝0.5∠FOC＝50°，∴∠CDO＝180°﹣∠OCD﹣∠COD＝180°﹣80°﹣50°＝50°，∴∠ABD＝50°．故选：B．", "comment": "本题考查了平行四边形的性质、三角形中位线定理、平行线的性质以及三角形内角和定理等知识；熟练掌握平行四边形的性质，求出∠COD＝50°是解题的关键．"}