{"id": 10053, "subject": "如图，四边形ABCD为平行四边形，DE⊥BC于点E，BF⊥CD于点F，DE、BF相交于点H，若∠A＝60°，则∠EHF的度数为（）", "choices": ["100°", "110°", "120°", "150°"], "lable": 3, "formal_point": ["平行四边形的性质"], "answer": "∵四边形ABCD是平行四边形，∠A＝60°，∴∠C＝∠A＝60°，∵DE⊥BC于点E，BF⊥CD于点F，∴∠CED＝∠CFB＝90°，∴∠EHF＝360°﹣∠C﹣∠CFB﹣∠CED＝360°﹣90°﹣90°﹣60°＝120°．故选：C．", "comment": "考查了平行四边形的性质，解题的关键是了解平行四边形的对角相等及四边形的内角和为360°，难度不大．"}