{"id": 10054, "subject": "如图，在▱ABCD中，延长BC至点E，若∠A＝100°，则∠DCE等于（）", "choices": ["50°", "60°", "80°", "100°"], "lable": 3, "formal_point": ["平行四边形的性质"], "answer": "∵四边形ABCD是平行四边形，∠A＝100°，∴∠A＝∠BCD＝100°，∵∠BCD+∠ECD＝180°，∴∠DCE＝180°﹣∠BCD＝180°﹣100°＝80°．故选：C．", "comment": "考查了平行四边形的性质，解题的关键是了解平行四边形的对角相等，难度不大．"}