{"id": 10056, "subject": "如图，在△ABC中，∠B＝70°，∠C＝50°，若点D，E，F分别是边AB，BC，CA的中点，则∠DEF＝（）", "choices": ["50°", "60°", "70°", "65°"], "lable": 2, "formal_point": ["三角形中位线定理"], "answer": "∠A+∠B∠C＝180°，∠B＝70°，∠C＝50°，∴∠A＝180°﹣∠B﹣∠C＝180°﹣70°﹣50°＝60°，∵点D，E，F分别是边AB，BC，CA的中点，∴DE，EF是△ABC的中位线，∴DE∥AC，EF∥AB，即DE∥AF，EF∥AD，∴四边形ADEF是平行四边形，∴∠DEF＝∠A＝60°．故选：B．", "comment": "本题主要考查了三角形中位线定理，平行四边形的性质和判定，三角形内角和定理，根据三角形中位线定理证得DE∥AF，EF∥AD，进而得到四边形ADEF是平行四边形是解决问题的关键．"}