{"id": 10050, "subject": "如图，在平行四边形ABCD中，E为BC边上一点，连接AE．若AE平分∠BAD，∠D＝58°，则∠AEC的大小是（）", "choices": ["61°", "109°", "119°", "122°"], "lable": 3, "formal_point": ["平行四边形的性质"], "answer": "∵四边形ABCD是平行四边形，∠D＝58°，∴∠BAD＝122°，∠B＝∠D＝58°，∵AE平分∠BAD，∴∠BAE＝61°，∴∠AEC＝∠B+∠BAE＝119°．故选：C．", "comment": "本题考查了平行四边形的性质，掌握平行四边形的对角相等，邻角互补是本题的关键．"}