{"id": 10058, "subject": "如图，在四边形ABCD中，G是对角线BD的中点，点E、F分别是BC、AD的中点，AB＝DC，∠ABD＝100°，∠BDC＝44°．则∠GEF的度数是（）", "choices": ["10°", "20°", "28°", "30°"], "lable": 3, "formal_point": ["三角形中位线定理"], "answer": "∵点E、G分别是BC、BD的中点，∴EG∥DC，EG＝0.5DC，∴∠BGE＝∠BDC＝44°，∵点F、G分别是AD、BD的中点，∴FG∥AB，FG＝0.5AB，∴∠BGF＝180°﹣∠ABD＝80°，∴∠EGF＝80°+44°＝124°，∵AB＝DC，∴GE＝GF，∴∠GEF＝∠GFE＝0.5（180°﹣124°）＝28°．故选：C．", "comment": "本题考查的是三角形中位线定理、等腰三角形的性质、三角形内角和定理的应用，掌握三角形的中位线平行于第三边，并且等于第三边的一半是解题的关键．"}