{"id": 10060, "subject": "三角板是我们学习数学的工具，一副三角板拼成如图方式，则图中∠2﹣∠1的值为（）", "choices": ["30°", "45°", "60°", "不能确定"], "lable": 2, "formal_point": ["三角形的外角性质"], "answer": "如图，由三角形的外角性质可知，∠1+∠3＝∠2，∴∠2﹣∠1＝∠3，∵∠3＝45°，∴∠2﹣∠1＝45°．故选：B．", "comment": "本题考查了三角形外角的性质，熟记三角形外角的性质是解题的关键．"}