{"id": 10061, "subject": "如图，在△ABC中，∠A＝30°，则∠1+∠2的度数为（）", "choices": ["210°", "110°", "150°", "100°"], "lable": 1, "formal_point": ["三角形内角和定理"], "answer": "∵∠1与∠2是△ABC的外角，∴∠1＝∠A+∠BCA，∠2＝∠A+∠ABC，∴∠1+∠2＝∠A+∠BCA+∠A+∠ABC＝30°+∠BCA+∠A+∠ABC，∵∠BCA+∠A+∠ABC＝180°，∴∠1+∠2＝210°．故选：A．", "comment": "本题考查了三角形内角和定理，三角形外角的性质等知识，熟练掌握三角形内角和定理是解题的关键．"}