{"id": 10065, "subject": "如图，将三角形纸片ABC沿DE折叠，当点A落在四边形BCDE的外部时，测量得∠1＝70°，∠2＝152°，则∠A为（）", "choices": ["40°", "42°", "30°", "52°"], "lable": 2, "formal_point": ["三角形内角和定理", "多边形内角与外角"], "answer": "∵∠1＝70°，∠2＝152°，∴∠B+∠C＝360°﹣∠1﹣∠2＝360°﹣70°﹣152°＝138°，∴∠A＝180°﹣（∠B+∠C）＝180°﹣138°＝42°．故选：B．", "comment": "本题主要考查了多边形的内角和定理及三角形的内角和定理，关键是运用多边形的内角和定理求出∠B+∠C的度数．"}