{"id": 10066, "subject": "如图，BD为△ABC的角平分线，若∠DBA＝30°，∠ADB＝80°，则∠C的度数为（）", "choices": ["30°", "40°", "50°", "60°"], "lable": 3, "formal_point": ["三角形内角和定理"], "answer": "∵BD为△ABC的角平分线，∠DBA＝30°，∠ADB＝80°，∴∠ABC＝2∠DBA＝60°，∠A＝180°﹣∠ADB﹣∠BDA＝70°，∴∠C＝180°﹣∠ABC﹣∠A＝50°．故选：C．", "comment": "本题主要考查三角形的内角和定理，解答的关键是熟记三角形的内角和为180°．"}