{"id": 10069, "subject": "如图，△ABC中，AD⊥BC于点D，BE⊥AC于点E，则下列结论不一定成立的是（）", "choices": ["∠1＝∠2", "∠1+∠C＝90°", "∠2+∠C＝90°", "∠1+∠2＝90°"], "lable": 4, "formal_point": ["三角形内角和定理"], "answer": "如图，设AD与BE交于点F，∵AD⊥BC于点D，BE⊥AC于点E，∴∠ADB＝∠AEB＝90°，又∵∠AFE＝∠BFD，∴∠1＝∠2，故A正确；∵∠ADC＝90°，∴∠1+∠C＝90°，故B正确；∵∠BEC＝90°，∴∠2+∠C＝90°，故C正确；∵由题意不能证明∠2＝∠BFD或∠1＝∠AFE，故D错误．故选：D．", "comment": "本题考查了三角形内角和定理，熟练掌握三角形内角和定理是解题的关键．"}