{"id": 10063, "subject": "如图，在△ABC中，AD平分∠BAC，AE⊥BC，已知∠BAC＝2∠B，∠B＝4∠DAE，那么∠C的度数为（）", "choices": ["45°", "60°", "70°", "72°"], "lable": 2, "formal_point": ["三角形内角和定理"], "answer": "设∠DAE＝a°，则∠B＝4a°，∠BAC＝8a°，即∠C＝180°﹣12a°，∵AE⊥BC，∴∠AEC＝90°，∴∠EAC＝90°﹣∠C＝12a°﹣90°，∵AD是角平分线，∠BAC＝8a°，∴∠DAC＝4a°，∵∠DAC﹣∠EAC＝∠DAE，∴4a﹣（12a﹣90）＝a，解得：a＝10，∴∠C＝180°﹣12a°＝60°．故选：B．", "comment": "此题主要考查三角形的内角和定理，主要考查学生的计算能力，题目比较好，难度适中．"}