{"id": 10068, "subject": "BP是∠ABC的平分线，CP是∠ACB的邻补角的平分线，∠ABP＝20°，∠ACP＝50°，则∠P＝（）", "choices": ["30°", "40°", "50°", "60°"], "lable": 1, "formal_point": ["三角形内角和定理"], "answer": "∵CP是∠ACM的角平分线，∠ACP＝90°，∴∠ACM＝2∠ACP＝100°，∴∠ACB＝80°，∵BP是∠ABC的角平分线，∠ABP＝20°，∴∠CBP＝∠ABP＝20°，∴∠P＝180°﹣∠CBP﹣∠ACB﹣∠ACP＝180°﹣20°﹣80°﹣50°＝30°．故选：A．", "comment": "本题考查了三角形内角和定理，角平分线的性质等知识，熟练掌握三角形内角和定理是解题的关键．"}