{"id": 10064, "subject": "如图，若∠A＝20°，∠B＝45°，∠C＝35°，则∠DFE等于（）", "choices": ["100°", "105°", "110°", "115°"], "lable": 1, "formal_point": ["三角形的外角性质"], "answer": "∵∠ADB＝∠B+∠C，∠B＝45°，∠C＝35°，∴∠ADB＝35°+45°＝80°，∵∠DFE＝∠A+∠ADB，∠A＝20°，∴∠DFE＝80°+20°＝100°．故选：A．", "comment": "本题考查的是三角形的外角性质，掌握三角形的一个外角等于和它不相邻的两个内角的和是解题的关键．"}