{"id": 10078, "subject": "如图，根据图上标注的信息，则α的大小为（）", "choices": ["100°", "105°", "115°", "120°"], "lable": 4, "formal_point": ["三角形的外角性质"], "answer": "∠1＝180°﹣（α﹣15°）＝195°﹣α，由三角形的外角性质可得：α＝195°﹣α+45°，解得：α＝120°．故选：D．", "comment": "本题考查的是三角形的外角性质、邻补角的概念，掌握三角形的一个外角等于和它不相邻的两个内角的和是解题的关键．"}