{"id": 10072, "subject": "如图，已知∠A＝60°，则∠D+∠E+∠F+∠G的度数为（）", "choices": ["180°", "240°", "300°", "360°"], "lable": 2, "formal_point": ["三角形内角和定理", "三角形的外角性质", "多边形内角与外角"], "answer": "∵∠D+∠E＝∠ABD，∠ACG＝∠F+∠G，∴∠D+∠E+∠F+∠G＝∠ABD+∠ACG．∵∠ABD＝∠A+∠ACB，∠ACG＝∠A+∠ABC，∴∠ABD+∠ACG＝∠A+∠ABC+∠ACB+∠A＝180°+∠A．∴∠D+∠E+∠F+∠G＝180°+∠A＝180°+60°＝240°．故选：B．", "comment": "本题主要考查三角形外角的性质、三角形内角和定理，熟练掌握三角形外角的性质、三角形内角和定理是解决本题的关键．"}