{"id": 10076, "subject": "如图，D为△ABC内一点，CD平分∠ACB，BD⊥CD，∠A＝∠ABD，若∠DBC＝54°，则∠A的度数为（）", "choices": ["36°", "44°", "27°", "54°"], "lable": 3, "formal_point": ["三角形内角和定理"], "answer": "∵BD⊥CD，∴∠D＝90°．∵∠DBC＝54°，∴∠DCB＝90°﹣54°＝36°．∵CD平分∠ACB，∴∠ACB＝72°．∵∠A＝∠ABD，∠A+∠ABC+∠ACB＝180°，∴∠A+∠A+54°+72°＝180°．∴∠A＝27°．故选：C．", "comment": "本题考查了三角形的内角和定理，求出∠DCB利用三角形的内角和定理得到关于∠A的方程是解决本题的关键．"}