{"id": 10074, "subject": "如图所示，已知∠A＝70°，∠B＝40°，∠C＝30°，则∠D+∠E等于（）", "choices": ["30°", "40°", "50°", "60°"], "lable": 2, "formal_point": ["三角形内角和定理", "三角形的外角性质"], "answer": "延长CD交AB于F，设BE交CD于O，∵∠A＝70°，∠C＝30°，∴∠BFO＝∠A+∠C＝100°，∵∠B＝40°，∴∠BOC＝∠B+∠BFO＝100°+40°＝140°，∴∠DOE＝∠BOC＝140°，∴∠EDO+∠F＝180°﹣∠DOE＝180°﹣140°＝40°．故选：B．", "comment": "本题考查了三角形的外角性质和三角形内角和定理，能熟记三角形的外角性质是解此题的关键，注意：三角形的一个外角等于与它不相邻的两个内角的和．"}