{"id": 10073, "subject": "如图，七边形ABCDEFG中，EF，BA的延长线相交于点P，若∠ABC，∠BCD，∠CDE，∠DEF的外角的度数和为230°，则∠P的度数为（）", "choices": ["40°", "45°", "50°", "55°"], "lable": 3, "formal_point": ["三角形内角和定理", "三角形的外角性质", "多边形内角与外角"], "answer": "如图．由题意得：∠1+∠2+∠3+∠4＝230°．∴∠5+∠6+∠7＝360°﹣230°＝130°．∵∠8＝∠6+∠7，∴∠5+∠8＝130°．∴∠P＝180°﹣（∠5+∠8）＝180°﹣130°＝50°．故选：C．", "comment": "本题主要考查多边形的外角、多边形的外角和等于360°、三角形外角的性质、三角形内角和定理，熟练掌握多边形的外角、多边形的外角和等于360°、三角形外角的性质、三角形内角和定理是解决本题的关键．"}