{"id": 10079, "subject": "在三角板拼角活动中，小明将一副三角板按如图方式叠放，则拼出的∠α度数为（）", "choices": ["65°", "75°", "105°", "115°"], "lable": 3, "formal_point": ["三角形的外角性质"], "answer": "∠DBA＝∠ABC﹣∠DBC＝45°﹣30°＝15°，∴∠α＝∠A+∠DBA＝90°+15°＝105°．故选：C．", "comment": "本题考查的是三角形的外角性质，掌握三角形的一个外角等于和它不相邻的两个内角的和是解题的关键．"}