{"id": 10077, "subject": "△ABC的两内角平分线OB、OC相交于点O，若∠A＝110°，则∠BOC＝（）", "choices": ["135°", "140°", "145°", "150°"], "lable": 3, "formal_point": ["三角形内角和定理"], "answer": "∵OB、OC分别是∠ABC和∠ACB的角平分线，∴∠OBC+∠OCB＝0.5+0.5B＝0.5BC+∠ACB），∵∠A＝110°，∴∠ABC+∠ACB＝180°﹣110°＝70°，∴∠OBC+∠OCB＝0.5（∠ABC+∠ACB）＝35°，∴∠BOC＝180°−（∠OBC+∠OCB）＝180°−35°＝145°．故选：C．", "comment": "本题主要利用角平分线的定义和三角形内角和定理求解，熟记概念和定理是解题的关键．"}