{"id": 10070, "subject": "如图，已知P是三角形ABC内一点，∠BPC＝120°，∠A＝50°，BD是∠ABP的平分线，CE是∠ACP的平分线，BD与CE交于点F，则∠BFC等于（）", "choices": ["100°", "90°", "85°", "95°"], "lable": 3, "formal_point": ["三角形内角和定理", "三角形的外角性质"], "answer": "∵∠A＝50°，∴∠ABC+∠ACB＝130°，∵∠BPC＝120°，∴∠PBC+∠PCB＝180°﹣∠BPC＝60°，∴∠ABP+∠ACP＝130°﹣60°＝70°，∵BD是∠ABP的平分线，CE是∠ACP的平分线，∴∠FBP+∠FCP＝35°，∴∠FBC+∠FCB＝∠PBC+∠PCB+∠FBP+∠FCP＝60°+35°＝95°，∴∠BFC＝180°﹣（∠FBC+∠FCB）＝180°﹣95°＝85°．故选：C．", "comment": "本题主要考查了三角形的内角和定理，三角形的外角性质，运用整体代入是解答此题的关键．"}