{"id": 10075, "subject": "如图，B、C、D三点共线，∠B＝56°，∠ACD＝120°，则∠A的度数为（）", "choices": ["56°", "64°", "60°", "176°"], "lable": 2, "formal_point": ["三角形的外角性质"], "answer": "∵∠ACD是△ABC的外角，∠ACD＝120°，∠B＝56°，∴∠A＝∠ACD﹣∠B＝120°﹣56°＝64°．故选：B．", "comment": "此题考查了三角形外角的性质，解题的关键是：熟记外角的性质即三角形的外角等于与之不相邻的两个内角的和．"}