{"id": 10071, "subject": "一个缺角的三角形ABC残片如图所示，量得∠A＝55°，∠B＝60°，则这个三角形残缺前的∠C的度数为（）", "choices": ["75°", "65°", "55°", "45°"], "lable": 2, "formal_point": ["三角形内角和定理"], "answer": "∵∠A+∠B+∠C＝180°，∠A＝55°，∠B＝60°，∴∠C＝180°﹣∠A﹣∠B＝65°．故选：B．", "comment": "本题考查了三角形内角和定理，熟练掌握三角形的内角和定理是解题的关键．"}