{"id": 10082, "subject": "如图，已知BD是⊙O的直径，BD⊥AC于点E，∠AOC＝100°，则∠OCD的度数是（）", "choices": ["20", "25°", "30°", "40°"], "lable": 2, "formal_point": ["圆心角、弧、弦的关系", "圆周角定理"], "answer": "∵BD是⊙O的直径，BD⊥AC，∠AOC＝100°，∴∠BOC＝0.5∠AOC＝50°，则∠BDC＝0.5∠BOC＝25°，∵OD＝OC，∴∠OCD＝∠BDC＝25°．故选：B．", "comment": "本题主要考查圆周角定理，解题的关键是掌握垂径定理及圆周角定理等知识点．"}