{"id": 10088, "subject": "如图，四边形ABCD内接于⊙O，若它的一个外角∠DCE＝115°，则另一个外角∠DAF的度数为（）", "choices": ["75°", "65°", "55°", "45°"], "lable": 2, "formal_point": ["圆周角定理", "圆内接四边形的性质"], "answer": "∵∠DCE＝115°，∴∠BCD＝180°﹣∠DCE＝65°，∴∠DAF＝∠BCD＝65°．故选：B．", "comment": "本题考查了圆内接四边形的性质：圆内接四边形的对角互补．圆内接四边形的任意一个外角等于它的内对角（就是和它相邻的内角的对角）．"}