{"id": 10084, "subject": "如图，△ABC内接于⊙O，∠A＝40°，则∠BCO的度数为（）", "choices": ["30°", "40°", "50°", "80°"], "lable": 3, "formal_point": ["圆心角、弧、弦的关系", "圆周角定理", "三角形的外接圆与外心"], "answer": "∵△ABC内接于⊙O，∴∠BOC＝2∠A＝80°，∵OB＝OC，∴∠BCO＝∠CBO＝50°．故选：C．", "comment": "本题考查了三角形的外接圆与外心，等腰三角形的性质，圆周角定理，灵活运用这些性质解决问题是解题的关键．"}