{"id": 10089, "subject": "如图，点A、B、C、D、P都在⊙O上，OC⊥AB．若∠ADC＝α（0＜α＜90°），则∠APB＝（）", "choices": ["90°+α", "180°﹣α", "180°﹣2α", "2α"], "lable": 3, "formal_point": ["垂径定理", "圆周角定理"], "answer": "如图，连接BD．∵OC⊥AB，∴AC＝CB，∴∠ADC＝∠CDB＝α，∴∠ADB＝2α，∵∠APB+∠ADB＝180°，∴∠APB＝180°﹣2α．故选：C．", "comment": "本题考查垂径定理，圆周角定理，圆内接四边形的性质等知识，解题的关键是掌握垂径定理，圆周角定理，属于中考常考题型．"}