{"id": 10081, "subject": "如图，在每个小正方形的边长为1的网格中，△ABC的的顶点都在格点上．则∠ABC的度数为（）", "choices": ["120°", "135°", "150°", "165°"], "lable": 2, "formal_point": ["勾股定理", "勾股定理的逆定理"], "answer": "延长CB交网格于E，连接AE，由勾股定理得：AE＝AB＝√{{2}^{2}+{1}^{2}}＝√{5}，BC＝BE＝√{{1}^{2}+{3}^{2}}＝√{10}，∴AE²+AB²＝BE²，∴△EAB是等腰直角三角形（∠EAB＝90°），∴∠EBA＝∠AEB＝45°，∴∠ABC＝180°﹣45°＝135°．故选：B．", "comment": "本题考查了等腰三角形的性质和判定，勾股定理和勾股定理的逆定理等知识点，能求出△AEB是等腰直角三角形是解此题的关键．"}