{"id": 10080, "subject": "如图，将一副三角板摆放在直线AB上，∠ECD＝∠FDG＝90°，∠EDC＝45°，设∠EDF＝x，则用x的代数式表示∠GDB的度数为（）", "choices": ["x", "x﹣15°", "45°﹣x", "60°﹣x"], "lable": 3, "formal_point": ["余角和补角", "三角形内角和定理"], "answer": "∵∠FDG＝90°，∠EDC＝45°，∠EDF＝x，∴∠GDB＝180°﹣∠CDE﹣∠EDF﹣∠FDG＝180°﹣45°﹣x﹣90°＝45°﹣x．故选：C．", "comment": "本题考查了三角形的内角和定理，平角的定义，熟练掌握平角的定义是解题的关键．"}