{"id": 10086, "subject": "如图，AB为⊙O的直径，点C、D、E在⊙O上，且AD＝CD，∠E＝70°，则∠ABC的度数为（）", "choices": ["30°", "40°", "35°", "50°"], "lable": 2, "formal_point": ["圆心角、弧、弦的关系", "圆周角定理"], "answer": "如图，连接OD，BD．∵AD＝CD，∴∠ABD＝∠CBD，∵∠DOB＝2∠DEB＝140°，∴∠OBD＝∠ODB＝20°，∴∠ABC＝2∠OBD＝40°．故选：B．", "comment": "本题考查圆周角定理，等腰三角形的性质，三角形内角和定理等知识，解题的关键是掌握圆周角定理，属于中考常考题型．"}