{"id": 10087, "subject": "如图，已知△ABC是⊙O的内接三角形，∠ABO＝40°，则∠ACB的大小为（）", "choices": ["40°", "30°", "45°", "50°"], "lable": 4, "formal_point": ["圆周角定理", "三角形的外接圆与外心"], "answer": "△AOB中，OA＝OB，∠ABO＝40°；∴∠AOB＝180°﹣2∠ABO＝100°；∴∠ACB＝0.5∠AOB＝0.5×100°＝50°．故选：D．", "comment": "本题主要考查了圆周角定理，等腰三角形的性质以及三角形内角和定理．在同圆或等圆中，同弧或等弧所对的圆周角相等，都等于这条弧所对的圆心角的一半．"}