{"id": 10085, "subject": "如图，在⊙O中，∠C＝20°，∠B＝35°，则∠A等于（）", "choices": ["10°", "15°", "20°", "25°"], "lable": 2, "formal_point": ["圆周角定理"], "answer": "设AC交OB于点F．∵∠AFB＝∠B+∠C，∠C＝20°，∠B＝35°，∴∠AFB＝20°+35°＝55°，∵∠AOB＝2∠ACB＝40°，∠AFB＝∠A+∠AOB，∴∠A＝55°﹣40°＝15°．故选：B．", "comment": "本题考查圆周角定理，三角形的外角的性质等知识，解题的关键是掌握圆周角定理，属于中考常考题型．"}