{"id": 10090, "subject": "如图，AB是⊙O的直径，点C，D为⊙O上的点．若∠D＝120°，则∠CAB的度数为（）", "choices": ["30°", "40°", "50°", "60°"], "lable": 1, "formal_point": ["圆周角定理"], "answer": "∵∠D+∠B＝180°，∠D＝120°，∴∠B＝60°，∵AB是直径，∴∠ACB＝90°，∴CAB＝90°﹣∠B＝30°．故选：A．", "comment": "本题考查圆周角定理，圆内接四边形的性质等知识，解题的关键是熟练掌握基本知识，属于中考常考题型．"}