{"id": 10097, "subject": "如图，点A，B，C均在⊙O上，∠BOC＝100°，则∠BAC的度数为（）", "choices": ["70°", "60°", "50°", "40°"], "lable": 3, "formal_point": ["圆心角、弧、弦的关系", "圆周角定理"], "answer": "∵∠BAC为BC所对的圆周角，∠BOC为BC所对的圆心角，∴∠BAC＝0.5∠BOC＝0.5×100°＝50°．故选：C．", "comment": "本题考查了圆周角定理：在同圆或等圆中，同弧或等弧所对的圆周角相等，都等于这条弧所对的圆心角的一半．"}