{"id": 10094, "subject": "如图，点A、B、C、D、E都是⊙O上的点，AC=AE，∠B＝128°，则∠D的度数为（）", "choices": ["108°", "106°", "104°", "102°"], "lable": 3, "formal_point": ["圆心角、弧、弦的关系", "圆周角定理", "圆内接四边形的性质"], "answer": "连接AD．∵AC=AE，∴∠ADC＝∠ADE，∵∠B+∠ADC＝180°，∴∠ADC＝180°﹣128°＝52°，∴∠CDE＝2×52°＝104°．故选：C．", "comment": "本题考查圆心角，弧，弦的关系，圆周角定理，圆内接四边形等知识，解题的关键是熟练掌握基本知识，属于中考常考题型．"}