{"id": 10099, "subject": "如图，AB是⊙O的直径，点D在⊙O上，连接OD、BD，过点D作⊙O的切线交BA延长线于点C，若∠C＝40°，则∠B的度数为（）", "choices": ["15°", "20°", "25°", "30°"], "lable": 3, "formal_point": ["圆周角定理", "切线的性质"], "answer": "∵CD是⊙O的切线，∴∠CDO＝90°，∵∠C＝40°，∴∠COD＝90°﹣40°＝50°，∵OD＝OB，∴∠B＝∠ODB，∵∠COD＝∠B+∠ODB，∴∠B＝0.5∠COD＝25°．故选：C．", "comment": "本题考查了切线的性质，圆周角定理，三角形外角的性质，等腰三角形的性质，熟练掌握切线的性质是解题的关键．"}