{"id": 10093, "subject": "如图，已知点A，B，C依次在⊙O上，∠B﹣∠A＝40°，则∠AOB的度数为（）", "choices": ["70°", "72°", "80°", "84°"], "lable": 3, "formal_point": ["圆心角、弧、弦的关系", "圆周角定理"], "answer": "∵∠O+∠A＝∠C+∠B，∴∠O﹣∠C＝∠B﹣∠A＝40°，∵∠C＝0.5∠O，∴∠O﹣0.5∠O＝40°，∴∠O＝80°．故选：C．", "comment": "本题考查了圆周角定理：在同圆或等圆中，同弧或等弧所对的圆周角相等，都等于这条弧所对的圆心角的一半．"}