{"id": 10096, "subject": "如图，四边形ABCD为⊙O的内接四边形，已知∠BCD＝140°，则∠BOD的度数为（）", "choices": ["40°", "50°", "80°", "100°"], "lable": 3, "formal_point": ["圆心角、弧、弦的关系", "圆周角定理", "圆内接四边形的性质"], "answer": "∵四边形ABCD为⊙O的内接四边形，∴∠A+∠BCD＝180°，∵∠BCD＝140°，∴∠A＝40°，∵圆周角∠A和圆心角∠BOD都对着BCD，∴∠A＝0.5∠BOD，∴∠BOD＝2×40°＝80°．故选：C．", "comment": "本题考查了圆心角、弧、弦之间的关系，圆周角定理和圆内接四边形的性质等知识点，能熟记圆周角定理是解此题的关键，注意：圆内接四边形的对角互补．"}