{"id": 10091, "subject": "如图，已知CD为⊙O的直径，过点D的弦DE平行于半径OA，若弧CE的度数是92°，则∠C的度数是（）", "choices": ["46°", "88°", "24°", "23°"], "lable": 4, "formal_point": ["圆心角、弧、弦的关系", "圆周角定理"], "answer": "连接OE．∵弧CE的度数是92°，∴∠COE＝92°，∴∠CDE＝0.5∠COE＝46°，∵OA∥DE，∴∠AOD＝∠CDE＝46°，∴∠C＝0.5∠AOD＝23°．故选：D．", "comment": "本题考查圆周角定理，圆心角，弧，弦之间的关系等知识，解题的关键是熟练掌握圆周角定理，属于中考常考题型．"}