{"id": 10109, "subject": "如图，已知四边形ABCD内接于⊙O，∠A＝100°，则∠BOD＝（）", "choices": ["80°", "50°", "160°", "100°"], "lable": 3, "formal_point": ["圆心角、弧、弦的关系", "圆周角定理", "圆内接四边形的性质"], "answer": "∵四边形ABCD为圆内接四边形，∴∠A+∠C＝180°，∵∠A＝100°，∴∠C＝180°﹣∠A＝180°﹣100°＝80°，由圆周角定理得：∠BOD＝2∠C＝160°．故选：C．", "comment": "本题考查的是圆内接四边形的性质、圆周角定理，掌握圆内接四边形的对角互补是解题的关键．"}