{"id": 10103, "subject": "如图，Rt△ABC的直角顶点C在⊙O上滑动，且各边与⊙O分别交于点D，E，F，G，若EF,）", "choices": ["30°", "32°", "34°", "36°"], "lable": 4, "formal_point": ["圆心角、弧、弦的关系", "圆周角定理"], "answer": "连接FG，DG，EF，如图，∵∠ACB＝90°，点C在⊙O上，∴FG为⊙O的直径．∴EF, DG, DE，的和为半圆．设EF, DG, DE，的度数为2x，3x，5x，∴2x+3x+5x＝180°．∴x＝18°．∴EF, DG, DE，的度数为36°，54°，90°．∴∠DGF＝0.5（90°+36°）＝63°．∵∠BEF为圆内接四边形EFGD的外角，∴∠BEF＝∠DGF＝63°，∵BE＝BF，∴∠BFE＝∠BEF＝63°，∴∠B＝180°﹣∠BFE﹣∠BEF＝54°．∴∠A＝90°﹣∠B＝36°．故选：D．", "comment": "本题主要考查了圆周角定理及其推论，圆周角的度数与它所对的弧的度数的关系，连接FG，利用90°的圆周角所对的弧是半圆是解题的关键．"}