{"id": 10108, "subject": "如图，BD是⊙O的直径，点A、C在圆上，且CD＝OB，则∠BAC＝（）", "choices": ["120°", "90°", "60°", "30°"], "lable": 3, "formal_point": ["圆周角定理"], "answer": "如图，连接OC．∵CD＝OB，OB＝OC＝OD，∴OC＝OD＝CD，∴△OCD是等边三角形，∴∠BDC＝60°，∴∠BAC＝∠BDC＝60°．故选：C．", "comment": "本题考查圆周角定理，等边三角形的判定和性质等知识，解题的关键是判断出△OCD是等边三角形．"}