{"id": 10100, "subject": "如图，四边形ABCD内接于⊙O，DA＝DC，若∠CBE＝45°，则∠DAC的度数为（）", "choices": ["70°", "67.5°", "62.5°", "65°"], "lable": 2, "formal_point": ["圆心角、弧、弦的关系", "圆周角定理", "圆内接四边形的性质"], "answer": "∵∠CBE＝45°，∴∠ABC＝180°﹣∠CBE＝135°，∵四边形ABCD是⊙O的内接四边形，∴∠D+∠ABC＝180°，∴∠D＝45°，∵AD＝CD，∴∠DAC＝∠DCA＝0.5（180°﹣∠D）＝67.5°．故选：B．", "comment": "本题考查了圆内接四边形的性质，等腰三角形的性质，三角形内角和定理，圆心角、弧、弦之间的关系，圆周角定理等知识点，能熟记圆内接四边形的对角互补是解此题的关键．"}