{"id": 10105, "subject": "如图，在Rt△ABC中，∠ACB＝90°，∠A＝54°，以BC为直径的⊙O交AB于点D．E是⊙O上一点，且CD=CE，连接OE．过点E作EF⊥OE，交AC的延长线于点F，则∠F的度数为（）", "choices": ["92°", "108°", "112°", "124°"], "lable": 2, "formal_point": ["垂径定理", "圆心角、弧、弦的关系", "圆周角定理"], "answer": "法一、连接OD，∵CD=CE，∴∠DOC＝∠EOC，∵∠ACB＝90°，∠A＝54°，∴∠B＝90°﹣∠A＝36°，∴∠DOC＝2∠B＝72°，∴∠EOC＝∠DOC＝72°，∵OE⊥EF，∴∠OEF＝90°，∵∠ACB＝90°，∴∠BCF＝90°，∴∠F＝360°﹣∠OEF﹣∠BCF﹣∠EOC＝360°﹣90°﹣90°﹣72°＝108°；解法二、∵∠ACB＝90°，∠A＝54°，∴∠B＝90°﹣∠A＝36°，∵DC=DE，∴∠COE＝2∠B＝72°，∵OE⊥EF，∴∠OEF＝90°，∵∠ACB＝90°，∴∠BCF＝90°，∴∠F＝360°﹣∠OEF﹣∠BCF﹣∠EOC＝360°﹣90°﹣90°﹣72°＝108°；．故选：B．", "comment": "本题考查了圆周角定理，直角三角形的性质，圆心角、弧、弦之间的关系等知识点，能求出∠DOC＝2∠B和∠DOC＝∠EOC是解此题的关键．"}