{"id": 10107, "subject": "如图，BC为⊙O的直径，AB交⊙O于E点，AC交⊙O于D点，AD＝CD，∠A＝70°，则∠BOE的度数是（）", "choices": ["140°", "100°", "90°", "80°"], "lable": 2, "formal_point": ["圆心角、弧、弦的关系", "圆周角定理"], "answer": "连接BD，CE，OE，∵BC为⊙O的直径，∴∠BDC＝∠BEC＝90°，∴BD⊥CD，∵AD＝CD，∴AB＝CB，∵∠A＝70°，∴∠ACB＝70°，∴∠ABC＝180°﹣∠A﹣∠ACB＝40°，∴∠BCE＝90°﹣∠ABC＝50°，∴∠BOE＝2∠BCE＝100°．故选：B．", "comment": "此题考查了圆周角定理、线段垂直平分线的性质以及等腰三角形的性质．此题难度适中，注意掌握辅助线的作法，注意掌握数形结合思想的应用．"}