{"id": 10104, "subject": "如图，在⊙O中，AB＝AC，若∠B＝70°，则∠A等于（）", "choices": ["70°", "40°", "20°", "140°"], "lable": 2, "formal_point": ["圆心角、弧、弦的关系", "圆周角定理"], "answer": "在⊙O中，∵AB＝AC，∴∠C＝∠B＝70°，∴∠A＝180°﹣∠B﹣∠C＝180°﹣70°﹣70°＝40°．故选：B．", "comment": "本题考查的是圆周角定理，圆心角、弧、弦的关系，熟知在同圆和等圆中，相等的圆心角所对的弧相等，所对的弦也相等是解答此题的关键．"}