{"id": 10102, "subject": "如图，⊙O是△ABC的外接圆，∠A＝62°，E是BC的中点，连接OE并延长交⊙O于点D，连接BD，则∠D的度数为（）", "choices": ["58°", "59°", "60°", "61°"], "lable": 2, "formal_point": ["等腰三角形的性质", "垂径定理", "圆周角定理", "三角形的外接圆与外心"], "answer": "连接CD，∵四边形ABDC是圆内接四边形，∠A＝62°，∴∠CDB+∠A＝180°，∴∠BDC＝180°﹣∠A＝118°，∵E是边BC的中点，∴OD⊥BC，∴BD＝CD，∴∠ODB＝∠ODC＝0.5∠BDC＝59°．故选：B．", "comment": "本题考查了三角形的外接圆与外心，圆内接四边形的性质，垂径定理，等腰三角形的性质，根据圆周角定理求出∠BDC的度数、垂径定理证得OD⊥BC是解决问题的关键．"}