{"id": 10111, "subject": "如图，AB是⊙O的直径，点C，D在⊙O上，且∠BDC＝36°，则∠ABC的度数是（）", "choices": ["36°", "72°", "54°", "28°"], "lable": 3, "formal_point": ["圆周角定理"], "answer": "∵AB是⊙O的直径，∴∠ACB＝90°，∵∠BDC＝36°，∴∠A＝∠BDC＝36°，∴∠ABC＝180°﹣∠ACB﹣∠A＝180°﹣90°﹣36°＝54°．故选：C．", "comment": "本题考查圆周角定理及推论，解题关键是掌握同弧所对的圆周角相等和直径所对的圆周角是直角．"}