{"id": 10115, "subject": "如图，已知正五边形ABCDE中，点F是BC的中点，P是线段EF上的动点，连接AP，BP，当AP+BP的值最小时，∠BPF的度数为（）", "choices": ["36°", "45°", "54°", "60°"], "lable": 3, "formal_point": ["正多边形和圆", "轴对称﹣最短路线问题"], "answer": "如图，连接AC，PC，设AC交EF于点P′，连接BP′．∵正五边形ABCDE中，点F是BC的中点，∵EF⊥BC，∴B，C关于EF对称，∴PB＝PB，∵PA+PB＝PA+PC≥AC，∴当点P与P′重合时，PA+PB的值最小，∵ABCDE是正五边形，∴BA＝BC，∠ABC＝108°，∴∠BAC＝∠BCA＝36°，∵P′B＝CP′，∴∠P′BC＝∠P′CB＝36°，∵∠EFB＝90°，∴∠BP′F＝90°﹣∠P′BC＝90°﹣36°＝54°．故选：C．", "comment": "本题考查正多边形与圆，轴对称﹣最短问题等知识，解题的关键是学会利用轴对称解决最短问题，属于中考常考题型．"}