{"id": 10118, "subject": "如图，在⊙O中，∠ACB＝67°，点P在劣弧AB上，∠AOP＝42°，则∠BOP的度数为（）", "choices": ["25°", "90°", "92°", "109°"], "lable": 3, "formal_point": ["圆心角、弧、弦的关系", "圆周角定理"], "answer": "∵∠ACB＝67°，∴∠AOB＝2∠ACB＝134°，∵∠AOP＝42°，∴∠BOP＝∠AOB﹣∠AOP＝134°﹣42°＝92°．故选：C．", "comment": "本题考查了圆周角定理，圆心角、弧、弦之间的关系等知识点，能根据圆周角定理求出∠AOB＝2∠ACB是解此题的关键．"}