{"id": 10114, "subject": "如图，AB是⊙O的直径，点C，D为⊙O上的点．若∠CAB＝20°，则∠D的度数为（）", "choices": ["70°", "100°", "110°", "140°"], "lable": 3, "formal_point": ["圆周角定理", "圆内接四边形的性质"], "answer": "∵AB是直径，∴∠ACB＝90°，∵∠CAB＝20°，∴∠ABC＝90°﹣20°＝70°，∵∠ADC+∠ABC＝180°，∴∠ADC＝110°．故选：C．", "comment": "本题考查圆周角定理，圆内接四边形的性质等知识，解题的关键是熟练掌握基本知识，属于中考常考题型．"}