{"id": 10116, "subject": "如图，A，B，C，D都是⊙O上的点，OA⊥BC，垂足为E，若∠ADC＝35°，则∠OBC＝（）", "choices": ["15°", "20°", "30°", "35°"], "lable": 2, "formal_point": ["垂径定理", "圆心角、弧、弦的关系", "圆周角定理", "圆内接四边形的性质"], "answer": "如图所示∵∠ADC＝35°，∴AC的度数是70°，∵OA⊥BC，OA过圆心O，∴AC＝AB，∴AB的度数是70°，∴∠AOB＝70°，∵OA⊥BC，∴∠OEB＝90°，∴∠OBC＝90°﹣∠AOB＝90°﹣70°＝20°．故选：B．", "comment": "本题考查了圆周角定理，垂径定理，圆心角、弧、弦之间的关系等知识点，能根据垂径定理求出AB＝AC是解此题的关键．"}