{"id": 10119, "subject": "如图，在⊙O中，半径OC⊥AB于点H，若∠OAB＝40°，则∠ABC的度数等于（）", "choices": ["20°", "25°", "30°", "35°"], "lable": 2, "formal_point": ["圆周角定理"], "answer": "∵OC⊥AB，∴∠AHO＝90°，∵∠OAB＝40°，∴∠AOC＝90°﹣∠OAB＝90°﹣40°＝50°，∴∠ABC＝0.5∠AOC＝0.5x50°＝25°．故选：B．", "comment": "本题考查了垂直定义，圆周角定理和直角三角形的性质，能根据圆周角定理得出∠ABC＝0.5AOC是解此题的关键．"}