{"id": 10120, "subject": "如图，AB是⊙O的直径，C，D是⊙O上的两点，且点C为优弧BAD的中点，连接CD，CB，OD，CD与AB交于点F．若∠ABC＝20°，则∠AOD的度数为（）", "choices": ["95°", "100°", "110°", "120°"], "lable": 2, "formal_point": ["圆心角、弧、弦的关系", "圆周角定理"], "answer": "连接OC，∵OB＝OC，∴∠ABC＝∠OCB，∵∠ABC＝20°，∴∠OCB＝20°，∴∠BOC＝180°﹣∠OCB﹣∠OBC＝180°﹣20°﹣20°＝140°，∵点C为优弧BAD的中点，∴∠COD＝∠BOC＝140°，∴∠BOD＝360°﹣∠BOC﹣∠COD＝80°，∴∠AOD＝180°﹣∠BOD＝100°．故选：B．", "comment": "此题考查了圆周角定理，熟记圆心角、弧的关系是解题的关键．"}