{"id": 10126, "subject": "如图，AB为⊙O的直径，弦CD⊥AB于点E，连接AC，OC，OD，若∠COD＝80°，则∠A的度数为（）", "choices": ["20°", "40°", "60°", "80°"], "lable": 1, "formal_point": ["垂径定理", "圆周角定理"], "answer": "∵AB是直径，AB⊥CD，∴DB=BC，∴∠DOB＝∠BOC＝0.5∠DOC＝40°，∴∠A＝0.5∠BOC＝20°．故选：A．", "comment": "本题考查圆周角定理，垂径定理等知识，解题的关键是利用垂径定理解决问题．"}