{"id": 10124, "subject": "如图，四边形ABCD内接于⊙O，AC、BD为其两条对角线，CB＝CD，∠CAD＝30°，∠ACD＝45°，连接OA，OB，则∠OAB的大小为（）", "choices": ["15°", "20°", "22.5°", "25°"], "lable": 1, "formal_point": ["圆心角、弧、弦的关系", "圆周角定理", "圆内接四边形的性质"], "answer": "∵∠CAD＝30°，∴DC所对的圆心角的度数是60°，∵CB＝CD，∴BC=DC，∴BC所对的圆心角的度数也是60°，∵∠ACD＝45°，∴AD所对的圆心角的度数是90°，∴AB所对的圆心角的度数是360°﹣60°﹣60°﹣90°＝150°，∴∠AOB的度数是150°，∵OA＝OB，∴∠OAB＝∠OBA＝0.5（180°﹣∠AOB）＝0.5（180°﹣150°）＝15°．故选：A．", "comment": "本题考查了圆周角定理，圆心角、弧、弦之间的关系，等腰三角形的性质和三角形内角和定理等知识点，能求出各段弧的度数是解此题的关键．"}