{"id": 10128, "subject": "如图，AB是半圆的直径，C、D是半圆上的两点，∠CAB＝24°，则∠ADC的度数为（）", "choices": ["124°", "114°", "116°", "126°"], "lable": 2, "formal_point": ["圆周角定理"], "answer": "连接BD，如图∵AB是半圆的直径，∴∠ADB＝90°，∵∠CAB＝∠BDC＝24°，∴∠ADC＝∠BDC﹣∠ADB＝24°+90°＝114°．故选：B．", "comment": "本题考查了圆周角定理：在同圆或等圆中，同弧或等弧所对的圆周角相等，都等于这条弧所对的圆心角的一半．半圆（或直径）所对的圆周角是直角，90°的圆周角所对的弦是直径．"}