{"id": 10123, "subject": "如图，四边形ABCD内接于⊙O，对角线BD垂直平分半径OC，若∠ABD＝50°，则∠ADC的大小为（）", "choices": ["130°", "120°", "110°", "100°"], "lable": 4, "formal_point": ["线段垂直平分线的性质", "圆周角定理", "圆内接四边形的性质"], "answer": "设BD交OC于E，连接OD，OA，∵BD垂直平分OC，∴OE＝0.5OC＝0.5OD，∠OED＝90°，∴∠ODE＝30°，∴∠DOC＝90°﹣30°＝60°，∵OC＝OD，∴△OCD是等边三角形，∴∠ODC＝60°，∵∠ABD＝50°，∴∠AOD＝2∠ABD＝100°，∵OA＝OD，∴∠ADO＝∠OAD＝0.5（180°﹣∠AOD）＝40°，∴∠ADC＝∠ADO+∠ODC＝40°+60°＝100°．故选：D．", "comment": "本题考查了直角三角形的性质，等边三角形的性质和判定，等腰三角形的性质，线段垂直平分线的定义，圆周角定理等知识点，能求出∠AOD和∠ODC的度数是解此题的关键．"}