{"id": 10127, "subject": "如图，在⊙O中，AB是直径，C、D是⊙O上的两个点，OC∥AD．若∠DAC＝25°，则∠BOC的度数为（）", "choices": ["40°", "50°", "60°", "65°"], "lable": 2, "formal_point": ["圆心角、弧、弦的关系", "圆周角定理"], "answer": "∵OC∥AD，∴∠DAC＝∠ACO＝25°，∵OA＝OC，∴∠OAC＝∠OCA，∴∠BOC＝∠OAC+∠OCA＝50°．故选：B．", "comment": "本题考查圆周角定理，平行线的性质，三角形的外角的性质，等腰三角形的性质等知识，解题的关键是掌握平行线的性质，求出∠OAC＝∠OCA＝25°．"}