{"id": 10122, "subject": "如图，等腰△ABC的顶角∠BAC＝50°，以AB为直径的半圆分别交BC，AC于点D，E．则DE的度数是（）", "choices": ["45°", "50°", "60°", "75°"], "lable": 2, "formal_point": ["等腰三角形的性质", "圆心角、弧、弦的关系", "圆周角定理"], "answer": "连接AD，如图所示，∵AB为直径，∴AD⊥BC．∵AB＝AC，∴∠BAD＝∠CAD＝0.5∠BAC＝25°．∴DE的度数＝2∠EAD＝50°．故选：B．", "comment": "此题考查了圆周角定理以及等腰三角形的性质．此题难度适中，注意掌握辅助线的作法，注意掌握数形结合思想的应用．"}