{"id": 10125, "subject": "如图，锐角△ABC内接于⊙O，∠C﹣∠B＝33°，OD⊥BC于点D，连接OA，则∠AOD的度数为（）", "choices": ["135°", "145°", "147°", "150°"], "lable": 3, "formal_point": ["垂径定理", "圆心角、弧、弦的关系", "圆周角定理", "三角形的外接圆与外心"], "answer": "连接OB、OC，∵∠ACB﹣∠ABC＝33°，∴∠ACB＝33°+∠ABC，∵∠BAC+∠ACB+∠ABC＝180°，∴∠BAC＝180°﹣∠ACB﹣∠ABC＝147°﹣2∠ABC，由圆周角定理得：∠BOC＝2∠BAC＝294°﹣4∠ABC，∵OD⊥BC，∴∠DOC＝0.5∠BOC＝147°﹣2∠ABC，由圆周角定理得：∠AOC＝2∠ABC，∴∠AOD＝∠AOC+∠DOC＝147°．故选：C．", "comment": "本题考查的是三角形的外接圆与外心，掌握圆周角定理、垂径定理、三角形内角和定理是解题的关键．"}