{"id": 10121, "subject": "如图，△ABC内接于⊙O，∠A＝50°，E是边BC的中点，连接OE并延长，交⊙O于点D，连接BD，则∠D的度数为（）", "choices": ["50°", "60°", "65°", "75°"], "lable": 3, "formal_point": ["圆周角定理", "三角形的外接圆与外心"], "answer": "连接OB、OC，由圆周角定理得：∠BOC＝2∠A＝100°，∵E是边BC的中点，∴BD=CD，∴∠BOD＝∠COD＝0.5×100°＝50°，∵OB＝OD，∴∠D＝0.5×（180°﹣50°）＝65°．故选：C．", "comment": "本题考查的是三角形的外接圆与外心，掌握圆周角定理、垂径定理是解题的关键．"}