{"id": 10129, "subject": "如图，在⊙O中，AB为直径，∠A＝50°，点D为弦AC的中点，点E为BC上任意一点．则∠CED的大小可能是（）", "choices": ["20°", "30°", "40°", "50°"], "lable": 2, "formal_point": ["圆周角定理"], "answer": "延长ED交⊙O于N，连接OD，并延长交⊙O于M，∵∠A＝50°，OA＝OC，∴∠AOC＝80°，∴AMC的度数是80°，∵点D为弦AC的中点，OA＝OC，∴∠AOD＝∠COD，∴AM=CM，即M为AC的中点，∴AM和CM的度数都是0.5×80°＝40°，∵CN>CM,∴40°＜CN的度数＜80°，∴20°＜∠CED＜40°，∴选项B符合题意；选项A、选项C、选项D都不符合题意；．故选：B．", "comment": "本题考查了圆心角、弧、弦之间的关系，圆周角定理，等腰三角形的性质等知识点，能求出CN的范围是解此题的关键．"}