{"id": 10138, "subject": "如图，AB为⊙O的切线，点A为切点，OB交⊙O于点C，点D在⊙O上，连接AD、CD，OA，若∠ABO＝20°，则∠ADC的度数为（）", "choices": ["20°", "30°", "35°", "40°"], "lable": 3, "formal_point": ["圆周角定理", "切线的性质"], "answer": "∵AB是⊙O的切线，∴OA⊥AB，∴∠OAB＝90°，∴∠B＝20°，∴∠O＝90°﹣20°＝70°，∴∠ADC＝0.5∠O＝0.5×70°＝35°．故选：C．", "comment": "本题考查了切线的性质：圆的切线垂直于经过切点的半径．也考查了圆周角定理．"}