{"id": 10136, "subject": "如图，在⊙O中，∠BOD＝80°，则∠BCD等于（）", "choices": ["80°", "100°", "140°", "160°"], "lable": 3, "formal_point": ["圆心角、弧、弦的关系", "圆周角定理"], "answer": "∵∠BOD和∠A都对BD，∴∠A＝0.5∠BOD＝0.5×80°＝40°，∵∠A+∠BCD＝180°，∴∠BCD＝180°﹣40°＝140°．故选：C．", "comment": "本题考查了圆周角定理：在同圆或等圆中，同弧或等弧所对的圆周角相等，都等于这条弧所对的圆心角的一半．也考查了圆内接四边形的性质．"}