{"id": 10130, "subject": "如图，AB为⊙O的切线，点A为切点，OB交⊙O于点C，点D在优弧AC上，若∠B＝30°，则∠ADC的度数为（）", "choices": ["20°", "25°", "30°", "35°"], "lable": 3, "formal_point": ["圆周角定理", "切线的性质"], "answer": "∵AB为⊙O的切线，∴∠OAB＝90°，∵∠B＝30°，∴∠AOB＝90°﹣30°＝60°，由圆周角定理得：∠ADC＝0.5∠AOB＝30°．故选：C．", "comment": "本题考查的是切线的性质、圆周角定理，掌握圆的切线垂直于经过切点的半径是解题的关键．"}