{"id": 10135, "subject": "如图，弦AB所对的圆心角为80°，则弦AB所对的圆周角的度数为（）", "choices": ["40°", "140°", "40°或140°", "不确定"], "lable": 3, "formal_point": ["圆心角、弧、弦的关系", "圆周角定理"], "answer": "如图，∠ACB和∠ADB为弦AB所对的圆周角，∵∠AOB和∠ACB都对AB，∴∠ACB＝0.5∠AOB＝0.5×80°＝40°，∵∠ACB+∠ADB＝180°，∴∠ADB＝180°﹣40°＝140°，即弦AB所对的圆周角的度数为40°或140°．故选：C．", "comment": "本题考查了圆周角定理：在同圆或等圆中，同弧或等弧所对的圆周角相等，都等于这条弧所对的圆心角的一半．"}