{"id": 10131, "subject": "如图，四边形ABCD内接于圆O，∠DCE＝65°，则∠A的度数为（）", "choices": ["112°", "68°", "65°", "52°"], "lable": 3, "formal_point": ["圆周角定理", "圆内接四边形的性质"], "answer": "∵四边形ABCD内接于⊙O，∴∠BAD+∠BCD＝180°，∵∠BCD+∠DCE＝180°，∴∠A＝∠DCE＝65°．故选：C．", "comment": "此题考查了圆的内接四边形的性质．注意掌握圆内接四边形的对角互补是解此题的关键．"}