{"id": 10134, "subject": "如图，点A、B、C、D均在⊙O上，AB＝AC，BD是⊙O的直径，连接CD，若∠A＝36°，则∠ACD的度数是（）", "choices": ["18°", "30°", "36°", "40°"], "lable": 1, "formal_point": ["圆心角、弧、弦的关系", "圆周角定理", "圆内接四边形的性质"], "answer": "如图，连接BC，∵AB＝AC，∠A＝36°，∴∠ACB＝0.5×（180°﹣∠A）＝0.5×（180°﹣36°）＝72°，∵BD是⊙O的直径，∴∠BCD＝90°，∴∠ACD＝90°﹣72°＝18°．故选：A．", "comment": "本题考查的是圆周角定理、等腰三角形的性质、三角形内角和定理，掌握直径所对的圆周角是直径是解题的关键．"}