{"id": 10132, "subject": "如图，两条弦AB，CD相交于点E，且弧AD等于弧CB，∠C＝50°，则∠CEB的度数为（）", "choices": ["50°", "80°", "90°", "100°"], "lable": 4, "formal_point": ["圆心角、弧、弦的关系", "圆周角定理"], "answer": "∴AD=CB＝，∠C＝50°，∴∠C＝∠A＝50°，∴∠CEB＝∠A+∠C＝50°+50°＝100°．故选：D．", "comment": "本题考查了圆周角定理：在同圆或等圆中，同弧或等弧所对的圆周角相等，都等于这条弧所对的圆心角的一半．"}