{"id": 10139, "subject": "如图，⊙O是正五边形ABCDE的外接圆，点P为ED上的一点，则∠APC的度数为（）", "choices": ["36°", "60°", "72°", "75°"], "lable": 3, "formal_point": ["多边形内角与外角", "圆周角定理", "正多边形和圆"], "answer": "如图，连接OA，OC，∵ABCDE是正五边形，∴∠AOC＝\\frac{360°}{5}×2＝144°，∴∠APC＝0.5∠AOC＝72°．故选：C．", "comment": "本题考查正多边形和圆、圆周角定理等知识，解题的关键是熟练掌握基本知识，属于中考常考题型．"}