{"id": 10137, "subject": "如图，AB是⊙O的弦，OC⊥AB，交⊙O于点C，连接OA，OB，BC，若∠AOB＝80°，则∠ABC的度数是（）", "choices": ["15°", "20°", "25°", "30°"], "lable": 2, "formal_point": ["垂径定理", "圆心角、弧、弦的关系", "圆周角定理"], "answer": "∵OC⊥AB，∴AC=BC，∴∠AOC＝∠BOC＝0.5∠AOB＝0.5×80°＝40°，∴∠ABC＝0.5∠AOC＝20°．故选：B．", "comment": "本题考查了圆周角定理：在同圆或等圆中，同弧或等弧所对的圆周角相等，都等于这条弧所对的圆心角的一半．也考查了垂径定理．"}