{"id": 10133, "subject": "如图，△ABC内接于⊙O，AB＝AC，连接BO并延长交AC于点D，若∠A＝50°，则∠BDC的度数为（）", "choices": ["75°", "76°", "65°", "70°"], "lable": 1, "formal_point": ["圆心角、弧、弦的关系", "圆周角定理", "三角形的外接圆与外心"], "answer": "设BD的延长线交⊙O于点E，连接CE，∵AB＝AC，∠A＝50°，∴∠ABC＝∠ACB＝0.5×（180°﹣50°）＝65°，由圆周角定理得：∠E＝∠A＝50°，∵BE是⊙O的直径，∴∠BCE＝90°，∴∠EBC＝90°﹣∠E＝40°，∴∠BDC＝180°﹣∠DBC﹣∠DCB＝180°﹣40°﹣65°＝75°．故选：A．", "comment": "本题考查的是三角形的外接圆与外心，掌握圆周角定理、等腰三角形的性质、三角形内角和定理是解题的关键．"}