{"id": 10145, "subject": "如图，四边形ADBC内接于⊙O，∠AOB＝122°，则∠ACB等于（）", "choices": ["131°", "119°", "122°", "58°"], "lable": 2, "formal_point": ["圆心角、弧、弦的关系", "圆周角定理", "圆内接四边形的性质"], "answer": "∵∠AOB＝122°，∴∠D＝0.5∠AOB＝61°，∵四边形ADBC为⊙O内接四边形，∴∠ACB+∠D＝180°，∴∠ACB＝180°﹣61°＝119°．故选：B．", "comment": "本题考查了圆内接四边形的性质：圆内接四边形的对角互补．也考查了圆周角定理．"}