{"id": 10143, "subject": "如图，AB是⊙O的直径，DA切⊙O于点A，DO交⊙O于点C，连接BC，若∠D＝40°，则∠B等于（）", "choices": ["20°", "25°", "40°", "50°"], "lable": 2, "formal_point": ["圆周角定理", "切线的性质"], "answer": "∵DA切⊙O于点A，∴OA⊥AD，∴∠OAD＝90°，∵∠D＝40°，∴∠AOD＝90°﹣40°＝50°，由圆周角定理得：∠B＝0.5∠AOD＝25°．故选：B．", "comment": "本题考查的是切线的性质、圆周角定理，掌握圆的切线垂直于经过切点的半径是解题的关键．"}