{"id": 10148, "subject": "如图，△ABC内接于⊙O，其外角∠BAE的平分线交⊙O于点D，点A为弧CD的中点．若∠ABC＝28°，则∠ACB的大小为（）", "choices": ["84°", "85°", "86°", "88°"], "lable": 1, "formal_point": ["圆心角、弧、弦的关系", "圆周角定理", "三角形的外接圆与外心"], "answer": "连接BD，∵点A为弧CD的中点，∴AC=AD，∵∠ABC＝28°，∴∠DBC＝2∠ABC＝56°，∴∠DAE＝∠DBC＝56°，∵AD平分∠BAE，∴∠BAE＝2∠DAE＝112°，∵∠BAE＝∠ABC+∠ACB，∴∠ACB＝∠BAE﹣∠ABC＝112°﹣28°＝84°．故选：A．", "comment": "本题考查了三角形外接圆与外心，圆心角、弧、弦的关系，圆内接四边形的性质，正确的作出辅助线是解题的关键．"}