{"id": 10146, "subject": "如图，AB是⊙O的直径，CB与⊙O相切于点B，AC与⊙O相交于点D，连接OD．若∠C＝58°，则∠BOD的度数为（）", "choices": ["32°", "42°", "64°", "84°"], "lable": 3, "formal_point": ["圆周角定理", "切线的性质"], "answer": "∵AB是⊙O的直径，BC与⊙O相切于点B，∴∠ABC＝90°，∴∠A+∠C＝90°，∵∠C＝58°，∴∠A＝90°﹣∠C＝32°，由圆周角定理得，∠BOD＝2∠A＝64°．故选：C．", "comment": "本题考查的是切线的性质、圆周角定理，掌握圆的切线垂直于经过切点的半径是解题的关键．"}