{"id": 10149, "subject": "如图，在⊙O中，Q是⊙O外一点，QA、QB与⊙O相切于A、B两点，C、D是⊙O上两点，若∠Q＝110°，则∠B+∠D＝（）", "choices": ["210°", "215°", "220°", "225°"], "lable": 2, "formal_point": ["圆周角定理", "切线的性质"], "answer": "连接AB，∵QA、QB与⊙O相切于A、B两点，∴QA＝QB，∵∠Q＝110，∴∠ABQ＝∠QAB＝35°，∵C、D是⊙O上两点，∴∠ABC+∠D＝180°，∴∠QBC+∠D＝180°+35°＝215°．故选：B．", "comment": "本题考查了圆内接四边形的性质、切线的性质等知识；熟练掌握圆内接四边形的性质和切线的性质是解决问题的关键．"}