{"id": 10147, "subject": "如图，PA是⊙O的切线，切点为A，PO的延长线交⊙O于点C，点Q为AC上的动点，若∠P＝40°，则∠CQA等于（）", "choices": ["115°", "110°", "105°", "100°"], "lable": 1, "formal_point": ["圆周角定理", "切线的性质"], "answer": "在优弧AC上任取一点D（不与A、C重合），连接AD，CD，∵PA是⊙O的切线，∴OA⊥AP，∴∠OAP＝90°，∵∠P＝40°，∴∠AOP＝50°，∴∠AOC＝180°﹣50°＝130°，∴∠D＝0.5∠AOC＝65°，∵四边形AQCD是圆内接四边形，∴∠CQA+∠D＝180°，∴∠CQA＝115°．故选：A．", "comment": "此题考查了切线的性质、圆周角定理、圆内接四边形的性质，熟练掌握切线的性质是解题的关键．"}