{"id": 10140, "subject": "如图，AB是⊙O的直径，点C、D是⊙O上的点，OD⊥AC，连接DC，若∠COB＝20°，则∠ACD的度数为（）", "choices": ["10°", "30°", "40°", "45°"], "lable": 3, "formal_point": ["圆心角、弧、弦的关系", "圆周角定理"], "answer": "∵∠COB＝20°，∴∠AOC＝160°，∵OD⊥AC，∴AD=CD，∴∠AOD＝∠COD＝0.5∠AOC＝0.5×160°＝80°，∴∠ACD＝0.5∠AOD＝40°．故选：C．", "comment": "本题考查了圆周角定理：在同圆或等圆中，同弧或等弧所对的圆周角相等，都等于这条弧所对的圆心角的一半．也考查了垂径定理．"}