{"id": 10144, "subject": "如图，AB是⊙O的直径，点C、D在⊙O上，且在AB异侧，连接OC、CD、DA．若∠BOC＝130°，则∠D的大小是（）", "choices": ["15°", "25°", "35°", "50°"], "lable": 2, "formal_point": ["圆心角、弧、弦的关系", "圆周角定理"], "answer": "∵∠BOC+∠AOC＝180°，∴∠AOC＝180°﹣∠BOC＝50°．∴∠D＝0.5∠AOC＝25°．故选：B．", "comment": "本题考查了圆周角定义，根据平角的定义求出∠AOC是解决本题的关键．"}