{"id": 10142, "subject": "如图，点A，B，C，D均在以点O为圆心的⊙O上，连接AD，BD及顺次连接O，A，B，C得到四边形OABC，若OA＝BC，OC＝AB，则∠D的度数为（）", "choices": ["20°", "25°", "30°", "35°"], "lable": 3, "formal_point": ["圆心角、弧、弦的关系", "圆周角定理", "圆内接四边形的性质"], "answer": "连接OC．∵OB＝OC＝OA，OA＝BC，∴OB＝OA＝AB，∴△OBA是等边三角形，∴∠BOA＝60°，∴∠BDA＝0.5∠BOA＝30°．故选：C．", "comment": "本题考查圆周角定理，等边三角形的判定等知识，解题的关键是证明△OBA是等边三角形．"}