{"id": 10141, "subject": "如图，PA，PB分别与圆O相切于A、B两点，C是优弧AB上的一个动点，若∠P＝40°，则∠ACB等于（）", "choices": ["50°", "60°", "70°", "80°"], "lable": 3, "formal_point": ["垂径定理", "圆周角定理", "切线的性质"], "answer": "连接OA、OB，如图，∵PA，PB分别与⊙O相切于A，B两点，∴OA⊥PA，OB⊥PB，∴∠OAP＝∠OBP＝90°，∴∠AOB＝180°﹣∠P＝180°﹣40°＝140°，∴∠ACB＝0.5∠AOB＝0.5×140°＝70°．故选：C．", "comment": "本题考查了切线的性质：圆的切线垂直于经过切点的半径．也考查了圆周角定理．"}