{"id": 10151, "subject": "如图，PA，PB分别与⊙O相切于A，B两点，∠P＝72°，则∠C的度数为（）", "choices": ["36°", "54°", "72°", "108°"], "lable": 2, "formal_point": ["圆周角定理", "切线的性质"], "answer": "连接OA、OB，∵PA、PB是⊙O的切线，∴∠OAP＝∠OBP＝90°，在四边形OAPB中，∠P＝72°，∴∠AOB＝360°﹣90°﹣90°﹣72°＝108°，∴∠C＝0.5∠AOB＝0.5×108°＝54°．故选：B．", "comment": "本题考查切线的性质，四边形的内角和以及圆周角，求出∠AOB的度数是解决问题的关键．"}