{"id": 10158, "subject": "如图，△ABC内接于⊙O，∠BAC＝50°，过点A作AD平行于BC，交CO的延长线于点D，则∠D的度数（）", "choices": ["50°", "45°", "40°", "25°"], "lable": 3, "formal_point": ["圆周角定理", "三角形的外接圆与外心"], "answer": "如图，连接OB，∵∠BAC＝50°，∴∠BOC＝2∠BAC＝100°，∴∠OCB＝（180°﹣100°）÷2＝40°，∵AD∥BC，∴∠D＝∠OCB＝40°．故选：C．", "comment": "本题主要考查了圆周角定理、平行线的性质，解决此题的关键是连接OB得到∠BOC＝2∠BAC＝100°．"}