{"id": 10157, "subject": "如图，AB为⊙O的直径，点C在⊙O上，且CO⊥AB于点O，弦CD与AB相交于点E，若∠AEC＝64°，连接AD，则∠BAD的度数为（）", "choices": ["19°", "21°", "23°", "26°"], "lable": 1, "formal_point": ["圆周角定理"], "answer": "∵OC⊥AB，∴∠COA＝90°，∴∠D＝0.5∠COA＝45°，∵∠AEC＝∠D+∠BAD，∠AEC＝64°，∴∠BAD＝64°﹣45°＝19°．故选：A．", "comment": "本题考查圆周角定理，三角形的外角的性质等知识，解题的关键是熟练掌握基本知识，属于中考常考题型．"}