{"id": 10155, "subject": "如图，在⊙O中，半径AO⊥OB，点P是优弧APB上的一点，点C是AB的中点，连接AP，CP，则∠APC的度数为（）", "choices": ["20°", "22.5°", "25°", "45°"], "lable": 2, "formal_point": ["圆心角、弧、弦的关系", "圆周角定理"], "answer": "∵AO⊥OB，∴∠AOB＝90°，∵圆心角∠AOB和圆周角∠APC都对着AB，点C是AB的中点，∴∠APC＝0.5x0.5AOB＝0.25×90°＝22.5°．故选：B．", "comment": "本题考查了圆周角定理，圆心角、弧、弦之间的关系等知识点，能熟记在圆周角定理是解此题的关键，注意：在同圆或等圆中，同弧所对的圆周角等于它所对的圆心角的一半．"}