{"id": 10156, "subject": "如图，点A、B、C、D在⊙O上，∠AOC＝140°，点B是AC的中点，则∠D的度数是（）", "choices": ["45°", "70°", "50°", "35°"], "lable": 4, "formal_point": ["圆心角、弧、弦的关系", "圆周角定理", "圆内接四边形的性质"], "answer": "连接OB，如图所示，∵点B是AC的中点，∠AOC＝140°，∴∠AOB＝0.5∠AOC＝70°，由圆周角定理得，∠D＝0.5∠AOB＝35°．故选：D．", "comment": "本题考查的是圆心角、弧、弦的关系定理、圆周角定理，掌握在同圆或等圆中，同弧或等弧所对的圆周角相等，都等于这条弧所对的圆心角的一半是解题的关键．"}