{"id": 10152, "subject": "如图，在⊙O中，AB=BC=CD，∠AOB＝40°，则∠CAD的度数为（）", "choices": ["10°", "20°", "30°", "40°"], "lable": 2, "formal_point": ["圆心角、弧、弦的关系", "圆周角定理"], "answer": "如图，连结OC、OD，在⊙O中，∠AOB＝40°，AB=CD，∴∠COD＝∠AOB＝40°，∴∠CAD＝0.5∠COD＝20°．故选：B．", "comment": "此题考查了圆周角定理、弧与圆心角的关系．熟记圆周角定理是解题的关键，此题比较简单，注意掌握数形结合思想的应用．"}