{"id": 10150, "subject": "在Rt△ABO中，∠OAB＝90°，以O为圆心，OA为半径构造⊙O，OB的中点C恰好在⊙O上，点D是AB上一点，CD＝AD，若∠DCB的角平分线所在的直线与⊙O的另一交点为E，连接OE，则∠EOC＝（）", "choices": ["45°", "67.5°", "90°", "112.5°"], "lable": 3, "formal_point": ["圆心角、弧、弦的关系", "圆周角定理"], "answer": "如图，设∠DCB的角平分线交BD于F，连接AC，∵∠OAB＝90°，C是OB的中点，∴AC＝0.5OB＝OC，∵OA＝OC，∴OA＝OC＝AC，∴△OAC是等边三角形，∴∠OAC＝∠OCA＝60°，∴∠DAC＝30°，∵AD＝CD，∴∠ACD＝∠DAC，∴∠OCD＝60°+30°＝90°＝∠DCB，∵CF平分∠DCB，∴∠DCF＝∠BCF＝∠OCE＝45°，∵OC＝OE，∴∠E＝∠OCE＝45°，∴∠COE＝90°．故选：C．", "comment": "本题考查的是圆的有关性质，等边三角形的判定和性质，等腰三角形的性质等知识，证明∠OCD＝90°是本题的关键．"}