{"id": 10159, "subject": "已知A、B、C、D在⊙O上，AB、CD交于⊙O外点E，∠BCD＝25°，∠E＝39°，则∠ADC的度数为（）", "choices": ["64°", "65°", "51°", "54°"], "lable": 1, "formal_point": ["圆周角定理", "圆内接四边形的性质"], "answer": "由圆周角定理得：∠BAD＝∠BCD＝25°，∵∠ADC是△ADE的外角，∠E＝39°，∴∠ADC＝∠BAD+∠E＝25°+39°＝64°．故选：A．", "comment": "本题考查的是圆周角定理、三角形的外角性质，根据圆周角定理求出∠BAD是解题的关键．"}