{"id": 10154, "subject": "如图，AB为⊙O的切线，点A为切点，OB交⊙O于点C，点D在⊙O上，连接AD、CD、OA，若∠ADC＝30°，则∠ABO的度数为（）", "choices": ["25°", "20°", "30°", "35°"], "lable": 3, "formal_point": ["圆周角定理", "切线的性质"], "answer": "∵AB为圆O的切线，∴AB⊥OA，即∠OAB＝90°，∵∠ADC＝30°，∴∠AOB＝2∠ADC＝60°，∴∠ABO＝90°﹣60°＝30°．故选：C．", "comment": "此题考查了切线的性质，以及圆周角定理，熟练掌握切线的性质是解本题的关键．"}