{"id": 10161, "subject": "如图，BD是⊙O的直径，点A，C在⊙O上，AB=AD，AC交BD于点G．若∠COD＝120°，则∠AGB的度数为（）", "choices": ["96°", "105°", "107°", "114°"], "lable": 2, "formal_point": ["圆心角、弧、弦的关系", "圆周角定理"], "answer": "∵BD是⊙O的直径，∠COD＝120°，∴∠BOC＝180°﹣∠COD＝60°，∴∠BAC＝0.5∠BOC＝30°，∵BD是⊙O的直径，AB=AD，∴∠BAD＝90°，AB＝AD，∴△ABD为等腰直角三角形，∴∠B＝45°，∴∠AGB＝180°﹣∠B﹣∠BAG＝180°﹣45°﹣30°＝105°．故选：B．", "comment": "本题考查了圆周角定理：在同圆或等圆中，同弧或等弧所对的圆周角相等，都等于这条弧所对的圆心角的一半．半圆（或直径）所对的圆周角是直角，90°的圆周角所对的弦是直径．"}