{"id": 10166, "subject": "如图，∠BAC＝36°，点O在边AB上，⊙O与边AC相切于点D，交边AB于点E，F，连接FD，则∠AFD等于（）", "choices": ["27°", "29°", "35°", "37°"], "lable": 1, "formal_point": ["圆周角定理", "切线的性质"], "answer": "连接OD，∵⊙O与边AC相切于点D，∴∠ADO＝90°，∵∠BAC＝36°，∴∠AOD＝90°﹣36°＝54°，∴∠AFD＝0.5∠AOD＝0.5x54°＝27°．故选：A．", "comment": "本题考查了切线的性质，圆周角定理，正确的作出辅助线构造直角三角形是解题的关键．"}