{"id": 10162, "subject": "如图，PA与⊙O相切于点A，PO交⊙O于点B，点C在⊙O上，连接AC，BC．若∠P＝45°，则∠ACB的度数为（）", "choices": ["15°", "22.5°", "30°", "37.5°"], "lable": 2, "formal_point": ["圆周角定理", "切线的性质"], "answer": "如图，连接OA，∵直线PA与⊙O相切于点A，∴OA⊥PA，∴∠OAP＝90°，∵∠P＝45°，∴∠AOB＝45°，∵∠ACB＝0.5∠AOB＝22.5°．故选：B．", "comment": "本题考查了切线的性质：圆的切线垂直于经过切点的半径．也考查了圆周角定理．解决本题的关键是掌握圆周角定理．"}