{"id": 10164, "subject": "如图，△ABC是⊙O的内接三角形，若∠ABC＝60°，则∠AOC的大小是（）", "choices": ["30°", "120°", "135°", "150°"], "lable": 2, "formal_point": ["圆心角、弧、弦的关系", "圆周角定理", "三角形的外接圆与外心"], "answer": "∵∠AOC和∠ABC是同弧所对的圆心角和圆周角，∴∠AOC＝2∠ABC＝120°；．故选：B．", "comment": "本题考查了圆周角定理，解决此题的关键是清楚在同圆或等圆中，同弧或等弧所对的圆周角等于这条弧所对的圆心角的一半．"}