{"id": 10163, "subject": "如图，△ABC中，内切圆I和边BC、AC、AB分别相切于点D、E、F，若∠B＝65°，∠C＝75°，则∠EDF的度数是（）", "choices": ["65°", "140°", "55°", "70°"], "lable": 4, "formal_point": ["切线的性质", "三角形的内切圆与内心"], "answer": "连接IE、IF，如图，∵内切圆I和边AC、AB分别相切于点E、F，∴OE⊥AC，OF⊥AB，∴∠AEI＝∠AFI＝90°，∴∠A＝180°﹣∠EIF，∵∠EDF＝0.5∠EIF，∴∠EDF＝90°﹣0.5∠A，∵∠B＝65°，∠C＝75°，∴∠A＝180°﹣∠B﹣∠C＝180°﹣65°﹣75°＝40°，∴∠EDF＝90°﹣0.5×40°＝70°．故选：D．", "comment": "本题考查了三角形的内切圆与内心：与三角形各边都相切的圆叫三角形的内切圆；三角形的内心与三角形顶点的连线平分这个内角．也考查了切线的性质．"}