{"id": 10160, "subject": "如图，在⊙O中，点D为AB的中点，CD为⊙O的直径，AE∥BC交⊙O于点E．连接CE．若∠ECD＝50°，则∠DCB＝（）", "choices": ["10°", "15°", "20°", "25°"], "lable": 3, "formal_point": ["圆心角、弧、弦的关系", "圆周角定理"], "answer": "连接AD，如图，∵四边形ADCE为圆的内接四边形，∴∠EAD+∠ECD＝180°，∴∠EAD＝180°﹣50°＝130°，即∠EAB+∠BAD＝130°，∵AE∥BC，∴∠EAB+∠B＝180°，∴∠EAB＝180°﹣∠B，∴180°﹣∠B+∠BAD＝130°，即∠B﹣∠BAD＝50°，∵点D为AB的中点，CD为直径，∴∠BAD＝∠BCD，CD⊥AB，∴∠B+∠BCD＝90°，即∠B＝90°﹣∠BCD，∴90°﹣∠BCD﹣∠BCD＝50°，解得∠BCD＝20°．故选：C．", "comment": "本题考查了圆周角定理：在同圆或等圆中，同弧或等弧所对的圆周角相等，都等于这条弧所对的圆心角的一半．也考查了平行线的性质和垂径定理．"}