{"id": 10168, "subject": "如图，△ABC是⊙O的内接三角形，AD是⊙O的直径，若∠CAD＝50°，则∠ABC的度数是（）", "choices": ["30°", "40°", "50°", "60°"], "lable": 2, "formal_point": ["圆周角定理", "三角形的外接圆与外心"], "answer": "∵AD是⊙O的直径，∴∠ACD＝90°，∵∠CAD＝50°，∴∠D＝90°﹣∠CAD＝90°﹣50°＝40°，∴∠ABC＝∠D＝40°．故选：B．", "comment": "此题考查了三角形的外接圆与外心，圆周角定理．正确的求出∠D＝40°是解此题的关键．"}