{"id": 10167, "subject": "如图，AD是△ABC的外接圆⊙O的直径，若∠BCA＝50°，则∠BAD＝（）", "choices": ["30°", "40°", "50°", "60°"], "lable": 2, "formal_point": ["三角形的外接圆与外心"], "answer": "∵AD是△ABC的外接圆⊙O的直径，∴点A，B，C，D在⊙O上，∵∠BCA＝50°，∴∠ADB＝∠BCA＝50°，∵AD是△ABC的外接圆⊙O的直径，∴∠ABD＝90°，∴∠BAD＝90°﹣50°＝40°．故选：B．", "comment": "本题考查了三角形的外接圆与外心，圆周角定理，由圆周角定理得到∠ADB＝50°，∠ABD＝90°是解题的关键．"}