{"id": 10169, "subject": "如图，△BCD内接于⊙O，∠D＝70°，OA⊥BC交⨀O于点A，连接AC，则∠OAC的度数为（）", "choices": ["40°", "55°", "70°", "110°"], "lable": 2, "formal_point": ["圆心角、弧、弦的关系", "三角形的外接圆与外心"], "answer": "连接OB，OC，∵∠D＝70°，∴∠BOC＝2∠D＝140°，∵OA⊥BC，∴∠COA＝0.5X∠BOC=70°，∵OA＝OC，∴∠OAC＝∠OCA＝0.5（180°﹣70°）＝55°．故选：B．", "comment": "本题考查了三角形的外接圆与外心，垂径定理，等腰三角形性质，三角形的内角和定理，正确的作出辅助线是解题的关键．"}