{"id": 10165, "subject": "如图所示，⊙O是△ABC的外接圆，已知∠ABO＝25°，则∠ACB的大小为（）", "choices": ["50°", "55°", "65°", "75°"], "lable": 3, "formal_point": ["三角形的外接圆与外心"], "answer": "△AOB中，OA＝OB，∠ABO＝25°，∴∠AOB＝180°﹣2∠ABO＝130°，∴∠ACB＝0.5∠AOB＝65°．故选：C．", "comment": "本题主要考查了三角形外接圆与外心，圆周角定理，涉及到的知识点还有：等腰三角形的性质以及三角形内角和定理．"}