{"id": 10171, "subject": "如图，BA与⊙O相切于点A，将线段OA绕点O逆时针旋转120°得到OA'．若∠B＝40°，则∠BOA'的度数为（）", "choices": ["40°", "50°", "60°", "70°"], "lable": 4, "formal_point": ["圆周角定理", "切线的性质", "旋转的性质"], "answer": "∵BA与⊙O相切于点A，∴∠OAB＝90°，∵∠B＝40°，∴∠AOB＝50°，∵∠AOA′＝120°，∴∠BOA'＝120°﹣50°＝70°．故选：D．", "comment": "本题考查了切线的性质，旋转的性质，解决本题的关键是掌握切线的性质．"}