{"id": 10175, "subject": "如图，△ABC内接于⊙O，∠A＝74°，则∠OBC等于（）", "choices": ["17°", "16°", "15°", "14°"], "lable": 2, "formal_point": ["圆心角、弧、弦的关系", "三角形的外接圆与外心"], "answer": "如图，连接OC，∵∠A＝74°，∴∠BOC＝2∠A＝148°，∵OB＝OC，∴∠OBC＝∠OCB＝0.5（180°﹣148°）＝16°．故选：B．", "comment": "本题考查了三角形的外接圆与外心，圆周角定理，解决本题的关键是掌握一条弧所对的圆周角等于它所对的圆心角的一半．"}