{"id": 10176, "subject": "如图，在⊙O中，弦CD与直径AB相交于点E，连接OC，BD．若∠ABD＝20°，∠AED＝80°，则∠COB的度数为（）", "choices": ["80°", "100°", "120°", "140°"], "lable": 3, "formal_point": ["三角形的外角性质", "圆周角定理"], "answer": "∵∠ABD＝20°，∠AED＝80°，∴∠D＝∠AED﹣∠ABD＝80°﹣20°＝60°，∴∠COB＝2∠D＝120°．故选：C．", "comment": "本题考查了三角形外角性质，圆周角定理等知识点，能熟记一条弧所对的圆周角等于它所对的圆心角的一半是解此题的关键．"}