{"id": 10172, "subject": "如图，△ABC内接于⊙O，若∠OBC＝35°，则∠BAC的度数是（）", "choices": ["35°", "45°", "55°", "65°"], "lable": 3, "formal_point": ["三角形的外接圆与外心"], "answer": "∵OC＝OB，∴∠OBC＝∠OCB＝35°，∴∠BOC＝180°﹣∠OBC﹣∠OCB＝180°﹣35°﹣35°＝110°，∴∠BAC＝0.5∠BOC＝0.5X110°＝55°．故选：C．", "comment": "此题考查了三角形的外接圆与外心，圆周角定理，等腰三角形的性质．解决本题的关键是掌握圆周角定理，注意数形结合思想的应用．"}