{"id": 10173, "subject": "如图，⊙O是△ABC的外接圆，已知∠OAB＝25°，则∠ACB的大小为（）", "choices": ["55°", "65°", "50°", "60°"], "lable": 2, "formal_point": ["三角形的外接圆与外心"], "answer": "∵OA＝OB，∴∠OBA＝∠OAB＝25°，∴∠AOB＝180°﹣∠OAB﹣∠OBA＝130°，∴∠ACB＝0.5∠AOB＝65°．故选：B．", "comment": "本题考查了圆周角定理以及等腰三角形的性质．此题难度不大，解决本题的关键是注意数形结合思想的应用．"}