{"id": 10170, "subject": "如图，AB为⊙O的直径，C，D为⊙O上的两点，若∠ABD＝54°，则∠C的度数为（）", "choices": ["34°", "36°", "46°", "54°"], "lable": 2, "formal_point": ["圆周角定理"], "answer": "连接AD，如图，∵AB为⊙O的直径，∴∠ADB＝90°，∴∠A＝90°﹣∠ABD＝90°﹣54°＝36°，∴∠C＝∠A＝36°．故选：B．", "comment": "本题考查了圆周角定理：同弧或等弧所对的圆周角相等，都等于这条弧所对的圆心角的一半．半圆（或直径）所对的圆周角是直角，90°的圆周角所对的弦是直径．"}