{"id": 10174, "subject": "如图，△ABC内接于⊙O，且⊙O的半径为2，若∠ACB＝45°，则AB为（）", "choices": ["2", "√{2}", "4", "2√{2}"], "lable": 4, "formal_point": ["三角形的外接圆与外心"], "answer": "如图，连接OA，OB，∵∠ACB＝45°，∴∠AOB＝90°，∵OA＝OB＝2，∴AB＝√{OA²+OB²}＝2√2．故选：D．", "comment": "本题考查了三角形的外接圆与外心，圆周角定理，勾股定理，解决本题的关键是掌握一条弧所对的圆周角等于它所对的圆心角的一半．"}