{"id": 10179, "subject": "如图，AB为⊙O的切线，点A为切点，OB交⊙O于点C，点D在⊙O上，连接AD，CD，OA，若∠ADC＝25°，则∠ABO的度数为（）", "choices": ["35°", "40°", "50°", "55°"], "lable": 2, "formal_point": ["圆周角定理", "切线的性质"], "answer": "∵∠ADC＝25°，∴∠AOC＝50°，∵AB为⊙O的切线，点A为切点，∴∠OAB＝90°，∴∠ABO＝∠OAB﹣∠AOC＝90°﹣50°＝40°．故选：B．", "comment": "本题考查切线的性质、圆周角定理、直角三角形的性质，利用数形结合的思想解答问题是解答本题的关键．"}