{"id": 10180, "subject": "如图，四边形ABCD是⊙O的内接四边形，它的一个外角∠CBE＝56°，则∠AOC的度数为（）", "choices": ["56°", "124°", "112°", "146°"], "lable": 3, "formal_point": ["圆心角、弧、弦的关系", "圆周角定理", "圆内接四边形的性质"], "answer": "∵四边形ABCD是⊙O的内接四边形，∴∠ADC+∠ABC＝180°，∵∠CBE+∠ABC＝180°，∠CBE＝56°，∴∠ADC＝∠CBE＝56°，由圆周角定理得：∠AOC＝2∠ADC＝112°．故选：C．", "comment": "本题考查的是圆内接四边形的性质、圆周角定理，掌握圆内接四边形的对角互补是解题的关键．"}