{"id": 10183, "subject": "如图，⊙O中，点C为弦AB中点，连接OC，OB，∠COB＝56°，点D是AB上任意一点，则∠ADB度数为（）", "choices": ["112°", "124°", "122°", "134°"], "lable": 2, "formal_point": ["垂径定理", "圆心角、弧、弦的关系", "圆周角定理", "圆内接四边形的性质"], "answer": "作AB所对的圆周角∠APB，如图，∵C为AB的中点，OA＝OB，∴OC⊥AB，OC平分∠AOB，∴∠AOC＝∠BOC＝56°，∴∠APB＝0.5∠AOB＝56°，∵∠APB+∠ADB＝180°，∴∠ADB＝180°﹣56°＝124°．故选：B．", "comment": "本题考查了圆周角定理：求出AB所对的圆周角∠APB的度数是解决问题的关键．"}