{"id": 10187, "subject": "如图，BC是⊙O的直径，AB是⊙O的弦，若∠AOC＝60°，则∠OAB的度数是（）", "choices": ["20°", "25°", "30°", "35°"], "lable": 3, "formal_point": ["圆心角、弧、弦的关系", "圆周角定理"], "answer": "∵∠AOC＝60°，∴∠B＝0.5∠AOC＝30°，∵OA＝OB，∴∠OAB＝∠B＝30°．故选：C．", "comment": "本题考查了圆周角定理：在同圆或等圆中，同弧或等弧所对的圆周角相等，都等于这条弧所对的圆心角的一半．"}