{"id": 10185, "subject": "如图，△ABC的顶点A、B、C均在⊙O上，若∠ABC＝25°，则∠AOC的大小是（）", "choices": ["25°", "50°", "65°", "75°"], "lable": 2, "formal_point": ["圆心角、弧、弦的关系", "圆周角定理"], "answer": "∵∠AOC＝2∠ABC，∠ABC＝25°，∴∠AOC＝50°．故选：B．", "comment": "本题考查圆周角定理，解题的关键是记住在同圆或等圆中，同弧或等弧所对的圆周角相等，都等于这条弧所对的圆心角的一半．"}