{"id": 10181, "subject": "如图，在△ABC中，∠A＝50°，O为△ABC的内心，则∠BOC的度数为（）", "choices": ["65°", "70°", "115°", "125°"], "lable": 3, "formal_point": ["圆周角定理", "三角形的内切圆与内心"], "answer": "∵O为△ABC的内心，∴OB、OC分别平分∠ABC、∠ACB，∴∠OBC＝0.5∠ABC，∠OCB＝0.5∠ACB，∴∠OBC+∠OCB＝0.5（∠ABC+∠ACB）＝0.5（180°﹣∠A）＝90°﹣0.5∠A，∴∠BOC＝180°﹣（∠OBC+∠OCB）＝180°﹣（90°﹣0.5∠A）＝90°+0.5∠A＝90°+0.5×50°＝115°；．故选：C．", "comment": "本题考查了三角形内切圆与内心：理解三角形内心的定义，灵活运用三角形内角和定理、角平分线的定义是解决问题的关键．"}