{"id": 10189, "subject": "如图，AB是⊙O的切线，A为切点，BO交⊙O于点C，点D在⊙O上，连接CD，AD，若∠ADC＝27°，则∠B的度数等于（）", "choices": ["28°", "36°", "44°", "56°"], "lable": 2, "formal_point": ["圆周角定理", "切线的性质"], "answer": "连接OA，∵AC=AC，∴∠AOC＝2∠ADC＝2×27°＝54°，∵AB是⊙O的切线，∴OA⊥AB，∴∠OAB＝90°，∴∠AOB+B＝90°，∴∠B＝90°﹣∠AOB＝90°﹣54°＝36°．故选：B．", "comment": "本题主要考查了切线的性质，同弧所对的圆心角和圆周角的关系，正确作出辅助线，根据切线的性质构造直角三角形是解决问题的关键．"}