{"id": 10184, "subject": "如图，点C，D在以AB为直径的半圆上，且∠ADC＝120°，点E是AD上任意一点，连接BE、CE．则∠BEC的度数为（）", "choices": ["20°", "30°", "40°", "60°"], "lable": 2, "formal_point": ["圆周角定理"], "answer": "连接AC，如图，∵四边形ABCD为⊙O的内接四边形，∴∠ADC+∠ABC＝180°，∴∠ABC＝180°﹣120°＝60°，∵AB为直径，∴∠ACB＝90°，∴∠BAC＝90°﹣60°＝30°，∴∠BEC＝∠BAC＝30°．故选：B．", "comment": "本题考查了圆周角定理，求出∠BAC的度数是解决问题的关键．"}