{"id": 10182, "subject": "如图，AB是⊙O的直径，点C、D都在⊙O上，若∠ABD＝63°、∠DCO＝24°，则∠BDC的度数是（）", "choices": ["15°", "24°", "39°", "63°"], "lable": 3, "formal_point": ["圆周角定理"], "answer": "连接AC，如图，∵∠ACD＝∠ABD＝63°，∠DCO＝24°，∴∠ACO＝∠ACD﹣∠DCO＝63°﹣24°＝39°，∵OA＝OC，∴∠A＝∠ACO＝39°，∴∠BDC＝∠A＝39°．故选：C．", "comment": "本题考查了圆周角定理：在同圆或等圆中，同弧或等弧所对的圆周角相等，都等于这条弧所对的圆心角的一半．"}