{"id": 10198, "subject": "如图，PA，PB是⊙O的切线，A，B是切点，若∠P＝70°，则∠ABO＝（）", "choices": ["30°", "35°", "45°", "55°"], "lable": 2, "formal_point": ["切线的性质", "切线长定理"], "answer": "连接OA，∵PA，PB是⊙O的切线，A，B是切点，∴∠PBO＝∠PAO＝90°，∵∠P＝70°，∴∠BOA＝360°﹣∠PBO﹣∠PAO﹣∠P＝110°，∵OA＝OB，∴∠ABO＝∠BAO＝0.5（180°﹣∠BOA）＝0.5（180°﹣110°）＝35°．故选：B．", "comment": "本题主要考查的是切线的性质，解决本题的关键是由PA、PB是⊙O的切线，可得∠PBO＝∠PAO＝90°．"}