{"id": 10191, "subject": "如图，点A，B，C均在⊙O上，若∠ACB＝70°，则∠OAB的度数是（）", "choices": ["10°", "20°", "25°", "30°"], "lable": 2, "formal_point": ["圆心角、弧、弦的关系", "圆周角定理"], "answer": "∵∠ACB＝70°，∴∠AOB＝2∠ACB＝140°．∵OA＝OB，∴∠OAB＝∠OBA＝\\frac{180°-140°}{2}＝20°．故选：B．", "comment": "此题考查了圆周角定理，等腰三角形的性质以及三角形的内角和定理．根据圆周角定理求出∠AOB的度数是解此题的关键．"}