{"id": 10192, "subject": "如图，AB是⊙O的直径，点C，D，E在⊙O上，若∠ACE＝20°，则∠BDE的度数为（）", "choices": ["90°", "100°", "110°", "120°"], "lable": 3, "formal_point": ["圆周角定理"], "answer": "连接AD，∵AB为⊙O的直径，∴∠ADB＝90°，∵∠ACE＝20°，∴∠ADE＝∠ACE＝20°，∴∠BDE＝∠ADB+∠ADE＝110°．故选：C．", "comment": "本题考查了圆周角定理：在同圆或等圆中，同弧或等弧所对的圆周角相等，都等于这条弧所对的圆心角的一半．半圆（或直径）所对的圆周角是直角，90°的圆周角所对的弦是直径．"}