{"id": 10193, "subject": "如图，⊙O与正五边形ABCDE的两边AE，CD相切于A，C两点，则∠AOC的度数是（）", "choices": ["144°", "130°", "129°", "108°"], "lable": 1, "formal_point": ["多边形内角与外角", "切线的性质", "正多边形和圆"], "answer": "正五边形的内角＝（5﹣2）×180°÷5＝108°，∴∠E＝∠D＝108°，∵AE、CD分别与⊙O相切于A、C两点，∴∠OAE＝∠OCD＝90°，∴∠AOC＝540°﹣90°﹣90°﹣108°﹣108°＝144°．故选：A．", "comment": "本题考查了正五边形的内角和、内角的度数、切线的性质，本题的五边形内角可通过外角来求：180°﹣360°÷5＝108°．"}