{"id": 10199, "subject": "如图，在⊙O中，AB切⊙O于点A，连接OB交⊙O于点C，过点A作AD∥OB交⊙O于点D，连接CD．若∠B＝50°，则∠OCD为（）", "choices": ["15°", "20°", "25°", "30°"], "lable": 2, "formal_point": ["圆周角定理", "切线的性质"], "answer": "连接OA，如图，∵AB切⊙O于点A，∴OA⊥AB，∴∠OAB＝90°，∵∠B＝50°，∴∠AOB＝90°﹣50°＝40°，∴∠ADC＝0.5∠AOB＝20°，∵AD∥OB，∴∠OCD＝∠ADC＝20°．故选：B．", "comment": "本题考查了切线的性质：圆的切线垂直于经过切点的半径．也考查了圆周角定理．"}