{"id": 10190, "subject": "如图，△ABC内接于⊙O，∠A＝50°．OD⊥BC，垂足为E，连接BD，则∠CBD的大小为（）", "choices": ["50°", "60°", "25°", "30°"], "lable": 3, "formal_point": ["圆周角定理", "三角形的外接圆与外心"], "answer": "连接CD，∵四边形ABDC是圆内接四边形，∠A＝50°，∴∠CDB+∠A＝180°，∴∠CDB＝180°﹣∠A＝130°，∵OD⊥BC，∴E是边BC的中点，∴BD＝CD，∴∠CBD＝∠BCD＝0.5（180°﹣∠CDB）＝0.5（180°﹣130°）＝25°．故选：C．", "comment": "本题考查了三角形的外接圆与外心，圆内接四边形的性质，垂径定理，等腰三角形的性质，正确作出辅助线（即连接CD）构造等腰△BCD是解决本题的关键．"}