{"id": 10194, "subject": "如图，四边形ABCD内接于⊙O，点P为边AD上任意一点（点P不与点A，D重合）连接CP．若∠B＝120°，则∠APC的度数可能为（）", "choices": ["30°", "45°", "50°", "65°"], "lable": 4, "formal_point": ["圆内接四边形的性质"], "answer": "∵四边形ABCD内接于⊙O，∴∠B+∠D＝180°，∵∠B＝120°，∴∠D＝180°﹣∠B＝60°，∵∠APC为△PCD的外角，∴∠APC＞∠D，只有D满足题意．故选：D．", "comment": "本题考查圆内接四边形的性质，解题关键是熟练掌握圆内接四边形对角互补．"}