{"id": 10197, "subject": "如图，直线AB与⊙O相切于点C，AO交⊙O于点D，连接CD，OC．若∠AOC＝50°，则∠ACD的度数为（）", "choices": ["20°", "25°", "30°", "35°"], "lable": 2, "formal_point": ["垂径定理", "圆周角定理", "切线的性质"], "answer": "∵直线AB与⊙O相切于点C，∴OC⊥AB，∴∠OCA＝90°，∵OC＝OD，∴∠OCD＝∠ODC＝0.5（180°﹣∠COD）＝0.5×（180°﹣50°）＝65°，∴∠ACD＝∠OCA﹣∠OCD＝90°﹣65°＝25°．故选：B．", "comment": "本题考查了切线的性质：圆的切线垂直于经过切点的半径．"}