{"id": 10196, "subject": "如图，四边形ABCD是⊙O的内接四边形，BE是⊙O的直径，连接AE．若∠BCD＝2∠BAD，则∠DAE的度数是（）", "choices": ["30°", "35°", "45°", "60°"], "lable": 1, "formal_point": ["圆周角定理", "圆内接四边形的性质"], "answer": "∵四边形ABCD是⊙O的内接四边形，∴∠BCD+∠BAD＝180°，∵∠BCD＝2∠BAD，∴∠BCD＝120°，∠BAD＝60°，∵BE是⊙O的直径，∴∠BAE＝90°，∴∠DAE＝90°﹣∠BAD＝90°﹣60°＝30°．故选：A．", "comment": "本题考查的是圆内接四边形的性质、圆周角定理的应用，掌握圆内接四边形的对角互补是解题的关键．"}