{"id": 10209, "subject": "如图，AB是⊙O的直径，弦CD⊥AB于点E，CD＝2OE，则∠BCD的度数为（）", "choices": ["15°", "22.5°", "30°", "45°"], "lable": 2, "formal_point": ["垂径定理", "圆周角定理"], "answer": "连接OD，∵AB是⊙O的直径，弦CD⊥AB于点E，∴CD＝2ED＝2CE，∵CD＝2OE，∴DE＝OE，∵CD⊥AB，∴∠DOE＝∠ODE＝45°，∴∠BCD＝0.5∠DOE＝22.5°．故选：B．", "comment": "本题考查了垂径定理和圆周角定理，得出DE＝OE，求出∠DOE＝∠ODE＝45°是解题的关键．"}