{"id": 10201, "subject": "如图，C，D是⊙O上直径AB两侧的两点，设∠ABC＝25°，则∠BDC＝（）", "choices": ["85°", "75°", "70°", "65°"], "lable": 4, "formal_point": ["圆周角定理"], "answer": "连接OC，如图，∵∠ABC＝25°，∴∠AOC＝2∠ABC＝2×25°＝50°，∴∠BOC＝180°﹣∠AOC＝180°﹣50°＝130°，∴∠BDC=0.5∠BOC=0.5x130°=65°．解法二：因为AB是直径，所以∠ACB＝90°所以∠BDC＝∠CAB＝90°﹣∠ABC＝65°．故选：D．", "comment": "本题主要考查了圆周角定理，熟练应用圆周角定理进行求解是解决本题的关键．"}