{"id": 10202, "subject": "如图，A，B，C是半径为1的⊙O上的三个点，若AB＝√2，∠CAB＝30°，则∠ABC的度数为（）", "choices": ["95°", "100°", "105°", "110°"], "lable": 3, "formal_point": ["圆周角定理"], "answer": "如图，连接OB，∵OA＝OB＝1，AB＝√2，∴OA²+OB²＝AB²，∴∠AOB＝90°，∴∠ACB＝45°，∴∠ABC＝180°﹣45°﹣30°＝105°．故选：C．", "comment": "本题考查圆周角定理，其关键是要根据同一条弧找到相对应的圆周角和圆心角．此外在同圆内还有很多的等量关系，如半径相等、垂径定理等，应充分合理运用．"}