{"id": 10203, "subject": "如图，AB与CD是⊙O的两条互相垂直的弦，交点为点P，∠ABC＝70°，点E在圆上，则∠BED的度数为（）", "choices": ["10°", "20°", "30°", "40°"], "lable": 2, "formal_point": ["圆周角定理"], "answer": "∵AB⊥CD，∴∠BPC＝90°，∵∠ABC＝70°，∴∠BED＝∠BCP＝180°﹣∠ABC﹣∠BPC＝180°﹣70°﹣90°＝20°．故选：B．", "comment": "本题主要考查了圆周角定理，解答此题的关键是掌握在同圆或等圆中，同弧或等弧所对的圆周角相等，都等于这条弧所对的圆心角的一半．"}