{"id": 10207, "subject": "如图，四边形ABCD内接于⊙O，如果它的一个外角∠DCE＝64°，那么∠BOD的度数为（）", "choices": ["64°", "128°", "120°", "116°"], "lable": 2, "formal_point": ["圆心角、弧、弦的关系", "圆周角定理", "圆内接四边形的性质"], "answer": "∵∠DCE＝64°，∴∠BCD＝180°﹣∠DCE＝116°，∵四边形ABCD内接于⊙O，∴∠A＝180°﹣∠BCD＝64°，由圆周角定理，得∠BOD＝2∠A＝128°．故选：B．", "comment": "本题考查的是圆内接四边形的性质、圆周角定理，掌握圆内接四边形的对角互补是解题的关键．"}