{"id": 10200, "subject": "如图，在矩形ABCD中，AB＝3，BC＝4，点O在AC上，⊙O与AB、BC相切，与AD相交于点E、F，则EF的长为（）", "choices": ["3", "√5", "\\frac{6√5}{7}", "\\frac{6√7}{7}"], "lable": 4, "formal_point": ["矩形的性质", "切线的性质"], "answer": "如图，过点O作OK⊥AD，OG⊥AB，垂足为K、G，延长KO交BC于点H，∵AB、BC与⊙O相切，OG＝OH，∴四边形OGBH是正方形，∴OG∥BC，∴△ABC∽△AGO，∴\\frac{AC}{AB}=\\frac{OG}{BC}，设正方形OGBH的边长为x，则\\frac{3-x}{3}=\\frac{x}{4}解得x＝\\frac{12}{7}，∴OK＝AG＝3﹣\\frac{12}{7}＝\\frac{9}{7}，在Rt△OKF中，由勾股定理得，KF＝√{OF²}-{OK²}＝\\frac{3√7}{7}，又∵OK⊥EF，EF=2KF=\\frac{6√7}{7}．故选：D．", "comment": "本题考查切线的性质，直角三角形的边角关系，相似三角形的判定和性质以及垂径定理，掌握切线的性质、垂径定理和相似三角形的判定和性质是正确解答的前提．"}