{"id": 10205, "subject": "如图，已知AB为⊙O的直径，点C在⊙O上，∠BOC＝60°，则∠C的度数为（）", "choices": ["15°", "30°", "45°", "60°"], "lable": 2, "formal_point": ["圆心角、弧、弦的关系", "圆周角定理"], "answer": "∠A＝0.5∠BOC＝0.5×60°＝30°，∵OA＝OC，∴∠C＝∠A＝30°．故选：B．", "comment": "本题考查了圆周角定理,解答此题的关键是掌握在同圆或等圆中，同弧或等弧所对的圆周角相等，都等于这条弧所对的圆心角的一半．"}