{"id": 10208, "subject": "如图，点A，B，C是⊙O上的三点．若∠AOC＝90°，∠BAC＝30°，则∠AOB的大小为（）", "choices": ["25°", "30°", "35°", "40°"], "lable": 2, "formal_point": ["圆心角、弧、弦的关系", "圆周角定理"], "answer": "∵∠BAC与∠BOC所对弧为BC，由圆周角定理可知：∠BOC＝2∠BAC＝60°，又∠AOC＝90°，∴∠AOB＝∠AOC﹣∠BOC＝90°﹣60°＝30°．故选：B．", "comment": "本题主要考查了圆周角定理，熟练运用圆周角定理是解题关键．"}