{"id": 10212, "subject": "如图，等边△ABC的三个顶点都在⊙O上，AD是⊙O的直径．若OA＝3，则劣弧BD的长是（）", "choices": ["frac{π}{2}", "π", "frac{3π}{2}", "2π"], "lable": 2, "formal_point": ["等边三角形的性质", "圆周角定理", "三角形的外接圆与外心"], "answer": "连接OB、BD，如图∵△ABC为等边三角形，∴∠C＝60°，∴∠D＝∠C＝60°，∵OB＝OD，∴△BOD是等边三角形，∴∠BOD＝60°，∵半径OA＝3，∴劣弧BD的长为\\frac{60πx 3}{180}＝π．故选：B．", "comment": "本题考查等边三角形及圆的弧长，解题的关键是掌握弧长公式并能熟练应用．"}