{"id": 10216, "subject": "如图，A，B，C是⊙O上的三个点，∠AOB＝60°，∠B＝55°，则∠A的度数是（）", "choices": ["25°", "30°", "40°", "50°"], "lable": 1, "formal_point": ["三角形的外角性质", "圆周角定理"], "answer": "根据图可知：∠ACB=0.54∠AOB=30°．∵∠B＝55°．由三角形外角性质可得：∠A+∠AOB＝∠ACB+∠B．∴∠A＝25°．故选：A．", "comment": "本题考查圆周角定理，三角形外角知识．关键在于找到∠A+∠AOB＝∠ACB+∠B．"}