{"id": 10210, "subject": "如图，PA、PB分别与⊙O相切于A、B，∠P＝70°，C为⊙O上一点，则∠ACB的度数为（）", "choices": ["110°", "120°", "125°", "130°"], "lable": 3, "formal_point": ["圆周角定理", "切线的性质"], "answer": "如图所示，连接OA，OB，在优弧AB上取点D，连接AD，BD，∵AP、BP是⊙O的切线，∴∠OAP＝∠OBP＝90°，∴∠AOB＝360°﹣90°﹣90°﹣70°＝110°，∴∠ADB＝0.5∠AOB＝55°，又∵圆内接四边形的对角互补，∴∠ACB＝180°﹣∠ADB＝180°﹣55°＝125°．故选：C．", "comment": "本题考查了切线的性质、圆周角定理、圆内接四边形的性质．解题的关键是连接OA、OB，求出∠AOB．"}