{"id": 10217, "subject": "如图，AB是⊙O的直径，C、D是⊙O上的两点，若∠DOB＝140°，则∠ACD＝（）", "choices": ["10°", "20°", "30°", "40°"], "lable": 2, "formal_point": ["圆心角、弧、弦的关系", "圆周角定理"], "answer": "∵AB是⊙O的直径，∴∠ACB＝90°，∵∠BCD＝0.5∠BOD＝0.5×140°＝70°，∴∠ACD＝∠ACB﹣∠BCD＝90°﹣70°＝20°．故选：B．", "comment": "本题考查了圆周角定理：在同圆或等圆中，同弧或等弧所对的圆周角相等，都等于这条弧所对的圆心角的一半．"}