{"id": 10214, "subject": "如图，AB是半圆O的直径，C是半圆O上异于A，B的一点，D为AC中点，延长DC交AB的延长线于点E，若∠CAE＝14°，则∠E的度数是（）", "choices": ["14°", "20°", "21°", "24°"], "lable": 4, "formal_point": ["圆周角定理"], "answer": "连接BC，∵AB是半圆O的直径，∴∠ACB＝90°，∵∠CAE＝14°，∴∠ABC＝76°，∵D为AC中点，∴∠DCA＝∠DAC＝0.5∠ABC＝38°，∴∠E＝∠DCA﹣∠CAE＝24°．故选：D．", "comment": "本题考查圆周角定理，三角形外角的性质．解题的关键是利用圆周角定理得出∠DCA的度数．"}