{"id": 10211, "subject": "如图，点A，B，C，D，E在⊙O上，AB＝CD，∠AOB＝42°，则∠CED＝（）", "choices": ["48°", "24°", "22°", "21°"], "lable": 4, "formal_point": ["圆心角、弧、弦的关系", "圆周角定理"], "answer": "连接OC、OD，∵AB＝CD，∠AOB＝42°，∴∠AOB＝∠COD＝42°，∴∠CED＝0.35∠COD＝21°．故选：D．", "comment": "本题主要考查圆心角、弧、弦三者的关系以及圆周角定理，解题的关键是掌握圆周角定理：在同圆或等圆中，同弧或等弧所对的圆周角相等，都等于这条弧所对的圆心角的一半．"}