{"id": 10213, "subject": "如图，正方形ABCD内接于⊙O，点P在AB上，则∠BPC的度数为（）", "choices": ["30°", "45°", "60°", "90°"], "lable": 2, "formal_point": ["正方形的性质", "圆周角定理", "正多边形和圆"], "answer": "连接OB、OC，如图，∵正方形ABCD内接于⊙O，∴BC所对的圆心角为90°，∴∠BOC＝90°，∴∠BPC＝0.5∠BOC＝45°．故选：B．", "comment": "本题考查了圆周角定理和正方形的性质，确定BC弧所对的圆心角为90°，是本题解题的关键．"}