{"id": 10218, "subject": "如图，AB是⊙O的直径，C、D是圆上两点，且∠DCB＝30°，则∠AOD＝（）", "choices": ["125°", "155°", "60°", "120°"], "lable": 4, "formal_point": ["圆心角、弧、弦的关系", "圆周角定理"], "answer": "∵∠BOD和∠BCD都对BD，∴∠BOD＝2∠DCB＝2×30°＝60°，∴∠AOD＝180°﹣∠BOD＝180°﹣60°＝120°．故选：D．", "comment": "本题考查了圆周角定理：在同圆或等圆中，同弧或等弧所对的圆周角相等，都等于这条弧所对的圆心角的一半．"}