{"id": 10228, "subject": "如图，AB是⊙O的直径，EF，EB是⊙O的弦，点E是FEB的中点，EF与AB交于点C，连接OF，若∠AOF＝40°，则∠F的度数是（）", "choices": ["20°", "35°", "40°", "55°"], "lable": 2, "formal_point": ["圆心角、弧、弦的关系", "圆周角定理"], "answer": "连接OE，如图，∵点E是FEB的中点，∴∠BOE＝∠FOE，即180°﹣∠AOE＝∠AOF+∠AOE，∴∠AOE＝0.5（180°﹣40°）＝70°，∴∠EOF＝∠AOE+∠AOF＝70°+40°＝110°，∵OE＝OF，∴∠F＝∠OEF，∴∠F＝0.5（180°﹣110°）＝35°．故选：B．", "comment": "本题考查了圆周角定理：解决问题的关键是求出∠AOE．也考查了圆心角、弧、弦的关系．"}