{"id": 10229, "subject": "如图，点A，B，C均在⊙O上，若∠A＝64°，则∠OCB的度数是（）", "choices": ["24°", "26°", "28°", "30°"], "lable": 2, "formal_point": ["圆心角、弧、弦的关系", "圆周角定理"], "answer": "∵∠A与∠BOC都对BC，∴∠BOC＝2∠A＝2×64°＝128°，∵OB＝OC，∴∠OBC＝∠OCB，∴∠OCB＝0.5（180°﹣128°）＝26°．故选：B．", "comment": "本题考查了圆周角定理：在同圆或等圆中，同弧或等弧所对的圆周角相等，都等于这条弧所对的圆心角的一半．"}