{"id": 10227, "subject": "如图，在⊙O中，弦AB与半径OC交于点D，且BC＝CD，连接AC，若∠B＝52°，则∠BAC的度数为（）", "choices": ["11°", "12°", "13°", "14°"], "lable": 4, "formal_point": ["圆心角、弧、弦的关系", "圆周角定理"], "answer": "连接OB，BC，∵BC＝CD，∠ABC＝52°，∴∠BDC＝52°，∠OCB＝76°，∵OB＝OC，∴∠BOC＝28°，∴∠BAC＝0.5∠BOC＝14°．故选：D．", "comment": "本题主要考查了圆周角定理，注意综合运用等腰三角形的性质，三角形内角和定理等知识，熟练掌握以上知识是解题的关键．"}