{"id": 10226, "subject": "如图，AB为⊙O的直径，C，D为⊙O上两点，若∠BCD＝44°，则∠ABD的度数为（）", "choices": ["46°", "44°", "40°", "50°"], "lable": 1, "formal_point": ["圆周角定理"], "answer": "连接AD，∵AB是⊙O的直径，∴∠ADB＝90°，∵∠BCD＝∠A，∴∠A＝44°，∴∠ABD＝90°﹣∠A＝46°．故选：A．", "comment": "本题考查了直角三角形的性质和圆周角定理，注意：①在同圆或等圆中，同弧或等弧所对的圆周角相等，②直径所对的圆周角是直角．"}