{"id": 10225, "subject": "如图，⊙O是△ABC的外接圆，∠A＝50°，E是边BC的中点，连接OE并延长，交⊙O于点D，连接BD，则∠CBD的大小为（）", "choices": ["20°", "21°", "23°", "25°"], "lable": 4, "formal_point": ["圆周角定理", "三角形的外接圆与外心"], "answer": "连接CD，∵四边形ABDC是圆内接四边形，∠A＝50°，∴∠CDB+∠A＝180°，∴∠CDB＝180°﹣∠A＝130°，∵E是边BC的中点，∴OD⊥BC，∴BD＝CD，∴∠CBD＝∠BCD＝0.5（180°﹣∠BDC）＝25°．故选：D．", "comment": "本题考查了三角形的外接圆与外心，圆内接四边形的性质，垂径定理，等腰三角形的性质，正确的理解题意是解题的关键．"}