{"id": 10223, "subject": "如图，△ABC内接于⊙O，CD是⊙O的直径，∠ABC＝20°，则∠ACD的度数是（）", "choices": ["40°", "50°", "60°", "70°"], "lable": 4, "formal_point": ["圆周角定理", "三角形的外接圆与外心"], "answer": "∵CD是⊙O的直径，∴∠CAD＝90°，∴∠ACD+∠D＝90°．∵∠ADC＝∠ABC＝20°，∴∠ACD＝90°﹣∠ADC＝70°．故选：D．", "comment": "此题考查了三角形的外接圆与外角，圆周角定理，直角三角形的性质，难度不大，注意掌握数形结合思想的应用．"}