{"id": 10224, "subject": "如图，⊙O是等边△ABC的外接圆，点D是弧BC上的点，且∠CAD＝20°，则∠ACD的度数为（）", "choices": ["70°", "80°", "90°", "100°"], "lable": 4, "formal_point": ["等边三角形的性质", "圆周角定理", "三角形的外接圆与外心"], "answer": "∵△ABC是等边三角形，∴∠ACB＝∠ABC＝∠BAC＝60°，∵∠CAD＝20°，∴∠BAD＝∠BAC﹣∠CAD＝40°，∵BD=BD，∴∠BCD＝∠BAD＝40°，∴∠ACD＝∠ACB+∠BCD＝100°．故选：D．", "comment": "本题考查的是三角形的外接圆和外心、圆周角定理、等边三角形的性质，熟练掌握等边三角形的性质和圆周角定理是解决问题的关键．"}