{"id": 10234, "subject": "如图，AB是⊙O的直径，PA与⊙O相切于点A，BC∥OP交⊙O于点C．若∠B＝70°，则∠OPC的度数为（）", "choices": ["10°", "20°", "30°", "40°"], "lable": 2, "formal_point": ["圆周角定理", "切线的性质"], "answer": "如图，连接OC，∵PA与⊙O相切，∴∠PAO＝90°，∵OC＝OB，∴∠OCB＝∠OBC＝70°，∵BC∥OP，∴∠AOP＝∠B＝70°，∠POC＝∠OCB＝70°，∴∠APO＝20°，在△AOP和△COP中，∵AO=CO∵∠AOP=∠COP=70°∵OP=OP，∴△AOP≌△COP（SAS），∴∠APO＝∠CPO＝20°．故选：B．", "comment": "本题考查了切线的性质，圆的有关知识，全等三角形的判定和性质，灵活运用这些性质解决问题是本题的关键．"}