{"id": 10231, "subject": "如图，AB为⊙O的直径，C为AB延长线上一点，过点C作⊙O的切线CD，切点为D，若∠ADC＝115°，则∠ACD的度数为（）", "choices": ["30°", "35°", "40°", "45°"], "lable": 3, "formal_point": ["圆周角定理", "切线的性质"], "answer": "连接OD，如图，∵CD为⊙O的切线，∴OD⊥CD，∴∠ODC＝90°，∴∠ADO＝∠ADC﹣∠ODC＝115°﹣90°＝25°，∵OA＝OD，∴∠A＝∠ADO＝25°，∴∠DOC＝∠A+∠ADO＝50°，∴∠C＝90°﹣∠DOC＝90°﹣50°＝40°．故选：C．", "comment": "本题考查了切线的性质：圆的切线垂直于经过切点的半径．也考查了圆周角定理．"}