{"id": 10239, "subject": "如图，AB，AC是⊙O的切线，点B，C是切点，点D是⊙O上一点，连接DC和BD．若∠A＝50°，则∠D的度数为（）", "choices": ["50°", "65°", "75°", "130°"], "lable": 2, "formal_point": ["圆周角定理", "切线的性质"], "answer": "如图，连接OB、OC，∵AB、AC是⊙O的切线，∴∠OBA＝∠OCA＝90°，∵∠A＝50°，∴∠BOC＝360°﹣∠OBA﹣∠OCA﹣∠A＝360°﹣90°﹣90°﹣50°＝130°，∵∠BOC＝2∠D，∴∠D＝65°；．故选：B．", "comment": "本题考查了切线的性质和圆周角定理，以及四边形的内角和定理，熟练掌握切线的性质是解题的关键．"}