{"id": 10235, "subject": "如图，△ABC中，AB＝AC，⊙O是△ABC的外接圆，BO的延长线交边AC于点D，∠ACB＝70°，则∠ABD度数为（）", "choices": ["35°", "20°", "40°", "30°"], "lable": 2, "formal_point": ["等腰三角形的性质", "等边三角形的性质", "圆周角定理", "三角形的外接圆与外心"], "answer": "∵AB＝AC，∠ACB＝70°，∴∠ABC＝∠ACB＝70°，∴∠BAC＝180°﹣70°﹣70°＝40°，连接OA．∵AB＝AC，∴AB=AC，∴OA⊥BC，∴∠BAO＝∠CAO，∵OA＝OB，∴∠ABD＝∠BAO，∴∠BAC＝2∠ABD，∴∠ABD＝0.5∠BAC＝20°．解法二：如图，延长BD 交⊙O于E，连接AE，则∠E＝∠C＝70°，∵BE是⊙O的直径，∴∠BAE＝90°，∴∠ABD＝20°．故选：B．", "comment": "本题考查了垂径定理，等腰三角形的性质，解题的关键是学会添加常用辅助线．"}