{"id": 10233, "subject": "如图，AB是⊙O的直径，EF，EB是⊙O的弦，连接OF，若∠AOF＝40°，则∠E的度数是（）", "choices": ["40°", "50°", "55°", "70°"], "lable": 4, "formal_point": ["圆心角、弧、弦的关系", "圆周角定理"], "answer": "∵∠AOF＝40°，∴∠FOB＝180°﹣40°＝140°，∴∠E＝0.5∠FOB＝70°．故选：D．", "comment": "本题考查圆周角定理等知识，解题的关键是熟练掌握基本知识，属于中考常考题型．"}