{"id": 10230, "subject": "如图，AB为⊙O的直径，点C为AB上一点，点D在⊙O上，AD＝AC，连接DC并延长交⊙O于点E，连接OE，若∠BAD＝30°，则∠COE的度数为（）", "choices": ["30°", "35°", "40°", "45°"], "lable": 1, "formal_point": ["圆心角、弧、弦的关系", "圆周角定理"], "answer": "∵AD＝AC，∴∠D＝∠ACD，∴∠D＝0.5（180°﹣∠CAD）＝0.5（180°﹣30°）＝75°，∴∠AOE＝2∠D＝150°，∴∠COE＝180°﹣∠AOE＝180°﹣150°＝30°．故选：A．", "comment": "本题考查了圆周角定理：解决问题的关键是求出∠D．也考查了圆心角、弧、弦的关系．"}