{"id": 10232, "subject": "如图，AB是⊙O的直径，AT是⊙O的切线，∠T＝40°，BT交⊙O于点C，E是AB上一点，延长CE交⊙O于点D．则∠CDB的度数是（）", "choices": ["35°", "40°", "45°", "50°"], "lable": 2, "formal_point": ["垂径定理", "圆周角定理", "切线的性质"], "answer": "连接AC，∵AT是⊙O的切线，∴AT⊥AB，∵∠T＝40°，∴∠ABT＝90°﹣∠T＝50°，∵AB是⊙O的直径，∴∠ACB＝90°，∴∠CAB＝90°﹣∠ABT＝40°，由圆周角定理得，∠CDB＝∠CAB＝40°．故选：B．", "comment": "本题考查的是切线的性质、圆周角定理，掌握圆的切线垂直于经过切点的半径是解题的关键．"}