{"id": 10236, "subject": "如图，AB为⊙O的直径，C为圆上一点，过点C的切线与直径AB的延长线交于点D，若∠ADC＝20°，则∠BAC的度数为（）", "choices": ["45°", "40°", "35°", "30°"], "lable": 3, "formal_point": ["圆周角定理", "切线的性质"], "answer": "连接OC，如图，∵CD为切线，∴OC⊥CD，∴∠OCD＝90°，∵∠D＝20°，∴∠COD＝90°﹣∠D＝70°，∵OA＝OC，∴∠A＝∠OCA＝35°．故选：C．", "comment": "本题考查了切线的性质，等腰三角形的性质，熟练掌握切线的性质是解题的关键．"}