{"id": 10238, "subject": "如图，PA是⊙O的切线，切点为A，PO的延长线交⊙O于点B，若∠BAP＝116°，则∠P的度数为（）", "choices": ["64°", "26°", "52°", "38°"], "lable": 4, "formal_point": ["圆周角定理", "切线的性质"], "answer": "连接OA，如图，∵PA是⊙O的切线，∴OA⊥AP，∴∠PAO＝90°，∵∠BAP＝116°，∴∠BAO＝∠BAP﹣∠OAP＝116°﹣90°＝26°，∵OA＝OB，∴∠B＝∠OAB＝26°，∴∠AOP＝2∠B＝52°，∴∠P＝90°﹣∠AOP＝90°﹣52°＝38°．故选：D．", "comment": "本题考查了切线的性质，等腰三角形的性质，熟练掌握切线的性质是解题的关键．"}