{"id": 10237, "subject": "如图，⊙O是正六边形ABCDEF的外接圆，点P在⊙O上（P不与A，B重合），则∠APB的度数为（）", "choices": ["30°或150°", "60°或120°", "30°", "60°"], "lable": 1, "formal_point": ["多边形内角与外角", "圆周角定理", "正多边形和圆"], "answer": "连接OA，OB，如图所示∵六边形ABCDEF是正六边形，∴∠AOB＝\\frac{360}{6}＝60°，当点P不在BA上时，∠APB＝0.5∠AOB＝30°，当点P在AB上时，∠APB＝180°﹣0.5∠AOB＝180°﹣30°＝150°．故选：A．", "comment": "本题考查了正多边形和圆以及圆周角定理的知识，解题的关键是正确的构造圆心角．"}