{"id": 10244, "subject": "如图，AC是⊙O的切线，切点为C．AO的延长线交⊙O于点B．连接BC．若AO＝4．）", "choices": ["20°", "30°", "45°", "60°"], "lable": 2, "formal_point": ["圆周角定理", "切线的性质"], "answer": "如图：连接OC，∵AC与⊙O相切于点C，∴∠OCA＝90°，∵AO＝4． OB＝2，OC＝OB，∴OC＝0.5OA，∴∠A＝30°，∴∠AOC＝60°，∵OB＝OC，∴∠OCB＝∠B，∵∠AOC＝∠OCB+∠B，∴∠B＝0.5∠AOC＝0.5x60°＝30°．故选：B．", "comment": "本题考查的是切线的性质，三角形的内角和定理，直角三角形的性质，等腰三角形的性质，熟练掌握切线的性质是解题的关键．"}