{"id": 10249, "subject": "如图，已知在⊙O中，CD是⊙O的直径，点A、B在⊙O上，且AC＝AB，若∠BCD＝26°，则∠ABC的度数为（）", "choices": ["26°", "27°", "28°", "32°"], "lable": 4, "formal_point": ["等腰三角形的性质", "圆心角、弧、弦的关系", "圆周角定理"], "answer": "∵CD是直径，∴∠CAD＝90°，∴∠ACD+∠ADC＝90°，∵AC＝AB，∴∠ACB＝∠B，∵∠D＝∠B，∴∠ACB＝∠D，∴∠ACB+26°+∠D＝90°，∴∠ACB＝32°，∴∠ABC＝∠ACB＝32°．故选：D．", "comment": "本题考查圆周角定理，等腰三角形的性质等知识，解题的关键是证明∠ACB＝∠B＝∠D．"}