{"id": 10246, "subject": "如图，AB是⊙O的弦，AC与⊙O相切于点A，连接OA，OB，若∠O＝120°，则∠BAC的度数是（）", "choices": ["75°", "70°", "65°", "60°"], "lable": 4, "formal_point": ["圆周角定理", "切线的性质"], "answer": "∵AC与⊙O相切于点A，∴AC⊥OA，∴∠OAC＝90°，∵OA＝OB，∴∠OAB＝∠OBA．∵∠O＝120°，∴∠OAB＝\\frac{180°-∠0}{2}＝30°，∴∠BAC＝∠OAC﹣∠OAB＝90°﹣30°＝60°．故选：D．", "comment": "本题考查切线的性质，等腰三角形的性质等知识，解题的关键是熟练掌握基本知识，属于中考常考题型．"}