{"id": 10241, "subject": "如图，AB是⊙O的直径，C为⊙O上一点，D为BC的中点，连接OC、AD，若∠AOC＝60°，则∠BAD的度数为（）", "choices": ["40°", "35°", "30°", "25°"], "lable": 3, "formal_point": ["圆心角、弧、弦的关系", "圆周角定理"], "answer": "如图，连接AC．∵OA＝OC，∠AOC＝60°，∴△AOC是等边三角形，∴∠CAO＝60°，∵CD=BD，∴∠BAD＝∠CAD＝30°．故选：C．", "comment": "本题考查圆周角定理，等边三角形的判定和性质等知识，解题的关键是理解题意，灵活运用所学知识解决问题．"}