{"id": 10242, "subject": "如图，在△ABC中，O是BC边上的点，以点O为圆心，BO为半径的⊙O与AC相切于点A，D是优弧AB上一点，∠ADB＝60°，则∠C的度数是（）", "choices": ["65°", "50°", "40°", "30°"], "lable": 4, "formal_point": ["垂径定理", "圆周角定理", "切线的性质"], "answer": "连接AO，∵∠ADB＝60°，∴∠AOB＝2∠ADB＝120°，∴∠AOC＝60°，∵AC是⊙O的切线，∴∠OAC＝90°，∴∠C＝90°﹣60°＝30°．故选：D．", "comment": "本题考查了切线的性质，圆周角定理，正确的作出辅助线是解题的关键．"}