{"id": 10240, "subject": "如图，已知BC是⊙O的直径，点A，D在⊙O上，若∠ACB＝32°，则∠ADC的大小为（）", "choices": ["68°", "62°", "58°", "52°"], "lable": 3, "formal_point": ["圆周角定理"], "answer": "∵BC是直径，∴∠BAC＝90°，∴∠B＝90°﹣∠ACB＝58°，∴∠D＝∠B＝58°．故选：C．", "comment": "本题考查圆周角定理，三角形内角和定理等知识，解题的关键是熟练掌握圆周角定理解决问题，属于中考常考题型．"}