{"id": 10243, "subject": "如图，四边形ABCD为⊙O的内接四边形，已知∠BOD＝140°，则∠BCD的度数为（）", "choices": ["100°", "110°", "120°", "140°"], "lable": 2, "formal_point": ["圆心角、弧、弦的关系", "圆周角定理", "圆内接四边形的性质"], "answer": "由圆周角定理得，∠A＝0.5∠BOD＝70°，∵四边形ABCD为⊙O的内接四边形，∴∠BCD＝180°﹣∠A＝110°．故选：B．", "comment": "本题考查的是圆内接四边形的性质、圆周角定理，掌握圆内接四边形的对角互补是解题的关键．"}