{"id": 10247, "subject": "如图，菱形ABCD的两边与⊙O分别相切于点A、C，点D在⊙O上，则∠B的度数是（）", "choices": ["45°", "50°", "60°", "65°"], "lable": 3, "formal_point": ["菱形的性质", "圆周角定理", "切线的性质"], "answer": "连接OA、DB、OC，∵AB，BC与⊙O相切，∴∠ABO＝∠CBO，∵四边形ABCD为菱形，∴BD平分∠ABC，DA＝DC，∴点O在BD上，∵∠BOC＝∠ODC+∠OCD，又OD＝OC，∴∠ODC＝∠OCD，∴∠BOC＝2∠ODC，又CB＝CD，∴∠OBC＝∠ODC，∴∠BOC＝2∠OBC，∵∠BOC+∠OBC＝90°，∴∠OBC＝30°，∴∠ABC＝2∠OBC＝60°．故选：C．", "comment": "本题考查了切线的性质，菱形的性质，等腰三角形的性质，熟练掌握切线的性质是解题的关键．"}