{"id": 10245, "subject": "如图，PA、PB是⊙O的切线，其中A、B为切点，点C在⊙O上，∠ACB＝52°，则∠APB等于（）", "choices": ["104°", "76°", "128°", "63°"], "lable": 2, "formal_point": ["圆周角定理", "切线的性质"], "answer": "连接OA、OB，如图，∵PA、PB是⊙O的切线，∴OA⊥PA，OB⊥PB，∴∠OAP＝∠OBP＝90°，∴∠APB+∠AOB＝180°，∵∠AOB＝2∠ACB＝2×52°＝104°，∴∠APB＝180°﹣104°＝76°．故选：B．", "comment": "本题考查了切线的性质：圆的切线垂直于经过切点的半径．也考查了圆周角定理．"}