{"id": 10248, "subject": "如图，四边形ABCD内接于⊙O，E为DC延长线上一点．若∠BCE＝105°，则∠BOD的度数是（）", "choices": ["150°", "105°", "75°", "165°"], "lable": 1, "formal_point": ["圆心角、弧、弦的关系", "圆周角定理", "圆内接四边形的性质"], "answer": "∵∠BCE＝105°，∴∠BCD＝180°﹣∠BCE＝180°﹣105°＝75°，∴∠BOD＝2∠BCD＝150°．故选：A．", "comment": "考查了圆周角定理的知识，解题的关键是了解同弧所对的圆心角是圆周角的2倍，难度不大．"}