{"id": 10259, "subject": "如图，四边形ABCD内接于⊙O，AB是⊙O的直径，连接BD，若∠C＝125°，则∠ABD的度数等于（）", "choices": ["35°", "40°", "45°", "50°"], "lable": 1, "formal_point": ["圆周角定理", "圆内接四边形的性质"], "answer": "∵四边形ABCD内接与⊙O，∠C＝125°，∴∠A＝180°﹣∠C＝180°﹣125°＝55°，∵AB为直径，∴∠ADB＝90°，∴∠ABD＝90°﹣∠A＝90°﹣55°＝35°．故选：A．", "comment": "考查了圆内接四边形的性质及圆周角定理的知识，解题的关键是了解圆内接四边形的对角互补，难度不大．"}