{"id": 10253, "subject": "如图，AB是⊙O的直径，C，D是⊙O上两点，若∠ABC＝40°，则∠BDC的度数是（）", "choices": ["60°", "55°", "50°", "48°"], "lable": 3, "formal_point": ["圆周角定理"], "answer": "连接AC，∵AB是⊙O的直径，∴∠ACB＝90°，∵∠ABC＝40°，∴∠BAC＝90°﹣∠ABC＝50°，∴∠BDC＝∠BAC＝50°．故选：C．", "comment": "此题考查了圆周角定理．此题难度不大，注意掌握直径所对的圆周角是直角与在同圆或等圆中，同弧或等弧所对的圆周角相等定理的应用是解此题的关键．"}