{"id": 10251, "subject": "如图，PA，PB切⊙O于点A、B，点C是⊙O上一点，且∠P＝40°，则∠ACB的大小是（）", "choices": ["80°", "70°", "60°", "50°"], "lable": 2, "formal_point": ["圆周角定理", "切线的性质"], "answer": "如图所示，连接OA、OB．∵PA、PB都为圆O的切线，∴∠PAO＝∠PBO＝90°．∵∠P＝40°，∴∠AOB＝140°．∴∠C＝0.5∠AOB＝0.5×140°＝70°．故选：B．", "comment": "此题考查了切线的性质，圆周角定理，以及四边形的内角和，熟练掌握切线的性质是解本题的关键．"}