{"id": 10257, "subject": "如图，已知AB是⊙O的直径，AC是⊙O的切线，连接OC交⊙O于点D，连接BD．若∠C＝46°，则∠B的度数是（）", "choices": ["21°", "22°", "27°", "28°"], "lable": 2, "formal_point": ["圆周角定理", "切线的性质"], "answer": "∵AC是⊙O的切线，∴OA⊥AC，∴∠OAC＝90°，∴∠AOC＝90°﹣∠C＝90°﹣46°＝44°，∵OB＝OD，∴∠OBD＝∠ODB，而∠AOC＝∠OBD+∠ODB，∴∠OBD＝0.5×∠AOC＝22°，即∠ABD的度数为22°．故选：B．", "comment": "本题考查了切线的性质：圆的切线垂直于经过切点的半径．也考查了等腰三角形的性质．"}