{"id": 10252, "subject": "如图，以原点O为圆心的圆交x轴于A、B两点，交y轴的正半轴于点C，D为第一象限内⊙O上的一点，若∠DAB＝25°，则∠OCD的度数是（）", "choices": ["50°", "60°", "65°", "70°"], "lable": 4, "formal_point": ["坐标与图形性质", "圆心角、弧、弦的关系", "圆周角定理"], "answer": "连接OD，∵∠DAB＝25°，∴∠BOD＝2∠DAB＝50°，∴∠COD＝90°﹣50°＝40°，∵OC＝OD，∴∠OCD＝∠ODC＝0.5×（180°﹣∠COD）＝70°．故选：D．", "comment": "本题考查了圆周角定理，等腰三角形性质，三角形内角和定理的应用，主要考查学生的推理能力，题目比较典型，难度适中．"}