{"id": 10256, "subject": "如图，四边形ABCD是圆O的内接四边形，AB为圆O的直径，若∠AOD＝40°，弦AC平分∠DAB，则∠ADC＝（）", "choices": ["140°", "125°", "110°", "105°"], "lable": 2, "formal_point": ["圆心角、弧、弦的关系", "圆周角定理", "圆内接四边形的性质"], "answer": "∵∠AOD＝40°，OA＝OD，∴∠ADO＝∠DAO＝0.5×（180°﹣∠AOD）＝70°，∵AC平分∠DAB，∴∠CAB＝0.5×∠DAB＝35°，∵AB是⊙O的直径，∴∠ACB＝90°，∴∠B＝90°﹣∠CAB＝55°，∵四边形ABCD是⊙O的内接四边形，∴∠ADC+∠B＝180°，∴∠ADC＝180°﹣55°＝125°．故选：B．", "comment": "本题考查了等腰三角形的性质，三角形内角和定理，圆周角定理，圆内接四边形的性质等知识点，注意：直径所对的圆周角是直角，圆内接四边形的对角互补．"}