{"id": 10258, "subject": "如图，PA和PB是⊙O的两条切线，A，B为切点，点D在AB上，点E，F分别在线段PA和PB上，且AD＝BF，BD＝AE．若∠P＝α，则∠EDF的度数为（）", "choices": ["90°﹣α", "\\frac{3}{2}α", "90°﹣\\frac{1}{2}α", "2α"], "lable": 3, "formal_point": ["圆周角定理", "切线的性质"], "answer": "∵PA，PB是⊙O的两条切线，∴PA＝PB，∴∠PAB＝∠PBA＝\\frac{180°-α}{2}=90°﹣\\frac{1}{2}α，在△AED和△BDF中，AD=BF∠EAD=DBFAE=BD，∴△AED≌△BDF（SAS）∴∠AED＝∠BDF，∴∠EDF＝180°﹣∠BDF﹣∠ADE＝180°﹣∠AED﹣∠ADE＝∠EAD＝90°﹣0.5×α．故选：C．", "comment": "本题考查的是切线的性质、全等三角形的判定和性质，掌握圆的切线垂直于经过切点的半径是解题的关键．"}