{"id": 10254, "subject": "如图，AB是⊙O的直径，弦CD⊥AB，延长弦AF，DC交于点E．若∠DFC＝48°，则∠CFE的度数为（）", "choices": ["60°", "66°", "68°", "72°"], "lable": 2, "formal_point": ["圆周角定理"], "answer": "连接AD，∵AB是⊙O的直径，弦CD⊥AB，∴DB=CB，∴∠DAB＝0.5×∠DFC＝0.5×48°＝24°，∴∠ADC＝90°﹣∠DAB＝90°﹣24°＝66°，∵四边形ADCF内接与⊙O，∴∠CFE＝∠ADC＝66°．故选：B．", "comment": "本题考查了圆周角定理的知识，解题的关键是连接AD构造圆周角，难度不大．"}