{"id": 10255, "subject": "如图，AB是⊙O的直径，点C、D在⊙O上．若∠ABD＝15°，则∠BCD的大小是（）", "choices": ["100°", "105°", "110°", "115°"], "lable": 2, "formal_point": ["圆周角定理"], "answer": "∵AB为直径，∴∠BCA＝90°，∵∠ABD＝15°，∴∠ACD＝∠ABD＝15°，∴∠BCD＝∠ACD+∠ACB＝105°．故选：B．", "comment": "本题考查与圆有关的角度计算，解题关键是掌握同弧所对圆周角相等，直径所对圆周角为90°．"}