{"id": 10250, "subject": "如图，AB是⊙O的直径，C、D是⊙O上的两点，∠CDB＝20°，则∠ABC的度数为（）", "choices": ["60°", "65°", "70°", "75°"], "lable": 3, "formal_point": ["圆周角定理"], "answer": "∵AB是直径，∴∠ACB＝90°，∵∠CAB＝∠CDB＝20°，∴∠ABC＝90°﹣20°＝70°．故选：C．", "comment": "本题考查圆周角定理，三角形内角和定理等知识，解题的关键是熟练掌握圆周角定理，属于中考常考题型．"}