{"id": 10263, "subject": "如图，AB是⊙O的切线，以点A为切点，OB交⊙O于点C，点D在⊙O上，连接AD，CD，OA，若∠B＝20°，则∠ADC的度数为（）", "choices": ["40°", "35°", "30°", "20°"], "lable": 2, "formal_point": ["圆周角定理", "切线的性质"], "answer": "∵AB是⊙O的切线，∴OA⊥AB，∴∠OAB＝90°，∴∠B＝20°，∴∠O＝90°﹣20°＝70°，∴∠ADC＝0.5×∠O＝0.5×70°＝35°．故选：B．", "comment": "本题考查了切线的性质：圆的切线垂直于经过切点的半径．也考查了圆周角定理．"}