{"id": 10261, "subject": "如图，⊙O的弦AB、CD的延长线交圆外于点E，若∠AOC＝100°，∠BCD＝20°，则∠E的大小是（）", "choices": ["20°", "25°", "30°", "50°"], "lable": 3, "formal_point": ["圆心角、弧、弦的关系", "圆周角定理"], "answer": "∵∠AOC＝100°，∠ABC与∠AOC所对弧为同弧，∴∠ABC＝0.5×∠AOC＝50°，∵∠ABC为△BCE的外角，∴∠E＝∠ABC﹣∠BCE＝50°﹣20°＝30°．故选：C．", "comment": "本题考查与圆有关的计算，解题关键是熟练掌握圆周角定理．"}