{"id": 10269, "subject": "如图，点A，B，C在⊙O上，∠BAC＝26°，过点C作⊙O的切线交OB的延长线于点D，则∠D的大小为（）", "choices": ["26°", "38°", "48°", "52°"], "lable": 2, "formal_point": ["圆周角定理", "切线的性质"], "answer": "连接OC，如图，∵CD为切线，∴OC⊥CD，∴∠OCD＝90°，∵∠COD＝2∠BAC＝2×26°＝52°，∴∠D＝90°﹣∠COD＝90°﹣52°＝38°．故选：B．", "comment": "本题考查了切线的性质：圆的切线垂直于经过切点的半径．也考查了圆周角定理．"}