{"id": 10264, "subject": "如图，点A，B，C在⊙O上，∠AOB＝100°，∠OBC＝20°，则∠OAC的度数为（）", "choices": ["20°", "25°", "30°", "40°"], "lable": 3, "formal_point": ["圆心角、弧、弦的关系", "圆周角定理"], "answer": "连接OC，∵∠AOB＝100°，∴∠ACB＝0.5×∠AOB＝50°，∵OB＝OC，∴∠OBC＝∠OCB＝20°，∴∠ACO＝∠ACB﹣∠OCB＝50°﹣20°＝30°，∵OC＝OA，∴∠ACO＝∠OAC＝30°．故选：C．", "comment": "本题考查了圆周角定理，等腰三角形的性质，正确利用圆周角定理求得∠ACB的度数是关键．"}