{"id": 10268, "subject": "如图，从一块半径是2米的圆形铁皮（⊙O）上剪出一个圆心角为60°的扇形（点A，B，C在⊙O上），将剪下的扇形围成一个圆锥，则这个圆锥的底面圆的半径是（）", "choices": ["\\frac{√3}{2}", "\\frac{√3}{3}", "\\frac{√3}{6}", "2"], "lable": 2, "formal_point": ["圆锥的计算"], "answer": "连接OA，作OD⊥AB于点D．在直角△OAD中，OA＝2，∠OAD＝0.5×∠BAC＝30°，则AD＝OA•cos30°＝√3．则AB＝2AD＝2√3，则扇形的弧长是：\\frac{60×Π2√3}{180}=\\frac{2√3}{3}×Π，设底面圆的半径是r，则2π×r＝\\frac{2√3}{3}，解得：r＝\\frac{√3}{3}．故选：B．", "comment": "本题考查了圆锥的计算，正确理解圆锥的侧面展开图与原来的扇形之间的关系是解决本题的关键，理解圆锥的母线长是扇形的半径，圆锥的底面圆周长是扇形的弧长．"}