{"id": 10266, "subject": "AB是⊙O的切线，A为切点，连接OA，OB，若∠AOB＝70°，则∠B的度数为（）", "choices": ["10°", "20°", "30°", "35°"], "lable": 2, "formal_point": ["圆周角定理", "切线的性质"], "answer": "∵AB是⊙O的切线，A为切点，∴OA⊥AB，即∠OAB＝90°，∵∠AOB＝70°，∴∠B＝90°﹣∠AOB＝20°．故选：B．", "comment": "本题考查了直角三角形的性质和切线的性质，注意：圆的切线垂直于过切点的半径．"}