{"id": 10267, "subject": "如图，四边形ABCD内接于⊙O，AB＝CD，A为BD中点，∠BDC＝54°，则∠ADB等于（）", "choices": ["42°", "46°", "50°", "54°"], "lable": 1, "formal_point": ["圆心角、弧、弦的关系", "圆周角定理"], "answer": "∵A为BD中点，∴AB=AD，∵AB＝CD，∴AB=CD，∴AB=CD=AD，∴∠ADB＝∠CBD＝∠ABD，∵∠ABC+∠ADC＝180°，∴∠ADB+∠CBD+ABD＝180°﹣∠BDC＝180°﹣54°＝126°，∴3∠ADB＝126°，∴∠ADB＝42°．故选：A．", "comment": "本题考查了圆周角定理，能根据定理求出∠ADB＝∠DBC＝∠ABD是解此题的关键．"}