{"id": 10265, "subject": "如图，AD，CD为⊙O的两条弦，过点C的切线交OA延长线于点B，若∠D＝29°，则∠B的度数为（）", "choices": ["22°", "26°", "29°", "32°"], "lable": 4, "formal_point": ["圆周角定理", "切线的性质"], "answer": "连接OC，∵BC与⊙O相切于C，∴∠BCO＝90°，∴∠B＝90°﹣∠BOC，∵∠D＝29°，∴∠BOC＝2∠D＝58°，∴∠B＝90°﹣58°＝32°．故选：D．", "comment": "本题主要考查了切线的性质和圆周角定理，正确作出辅助线，根据圆周角定理求出∠BOC是解决问题的关键．"}