{"id": 10262, "subject": "如图，四边形ABCD内接于⊙O，连接对角线AC与BD交于点E，且BD为⊙O的直径，已知∠BDC＝40°，∠AEB＝110°，则∠ABC＝（）", "choices": ["65°", "70°", "75°", "80°"], "lable": 4, "formal_point": ["圆周角定理", "圆内接四边形的性质"], "answer": "∵BD为⊙O的直径，∴∠BCD＝90°，∴∠DBC＝90°﹣40°＝50°，由圆周角定理得，∠BAC＝∠BDC＝40°，∴∠ABD＝180°﹣∠AEB﹣∠BAC＝30°，∴∠ABC＝∠ABD+∠DBC＝80°．故选：D．", "comment": "本题考查的是圆周角定理，掌握直径所对的圆周角为90°、直角三角形的性质是解题的关键．"}