{"id": 10260, "subject": "如图，四边形ABCD内接于⊙O，若∠BOD＝164°，则∠BCD的度数是（）", "choices": ["90°", "118°", "105°", "98°"], "lable": 4, "formal_point": ["圆心角、弧、弦的关系", "圆周角定理", "圆内接四边形的性质"], "answer": "∵∠BOD＝164°，∴∠A＝0.5×∠BOD＝82°，∴∠BCD＝180°﹣∠A＝98°．故选：D．", "comment": "本题考查了圆周角定理：在同圆或等圆中，同弧或等弧所对的圆周角相等，都等于这条弧所对的圆心角的一半．也考查了圆内接四边形的性质．"}