{"id": 10275, "subject": "如图，AD为△ABC的外接圆⊙O的直径，若∠BAD＝58°，则∠ACB等于（）", "choices": ["32°", "36°", "48°", "52°"], "lable": 1, "formal_point": ["三角形的外接圆与外心"], "answer": "连接BD，∵AD为△ABC的外接圆⊙O的直径，∴∠ABD＝90°，∵∠BAD＝58°，∴∠ADB＝90°﹣58°＝32°，由圆周角定理得，∠ACB＝∠ADB＝32°．故选：A．", "comment": "本题考查的是三角形的外接圆与外心，掌握圆周角定理的解题的关键．"}