{"id": 10273, "subject": "如图，AB是⊙O的直径，弦CD⊥AB于点E．如果∠OCE＝50°，那么∠ABD＝（）", "choices": ["50°", "60°", "70°", "80°"], "lable": 3, "formal_point": ["圆周角定理"], "answer": "连接OD，∵CD⊥AB，AB过O，∴BC=BD，∴∠COB＝∠DOB，∵CD⊥AB，∴∠OEC＝90°，∵∠OCE＝50°，∴∠COB＝90°﹣∠OCE＝40°，∴∠DOB＝40°，∵OB＝OD，∴∠ABD＝∠ODB＝0.5×（180°﹣∠DOB）＝0.5×（180°﹣40°）＝70°．故选：C．", "comment": "本题考查了垂径定理，圆周角定理，圆心角、弧、弦之间的关系，等腰三角形的性质，三角形内角和定理等知识点，能灵活运用知识点进行推理和计算是解此题的关键．"}