{"id": 10272, "subject": "如图，AB是圆O的直径，C、D在圆上，连接AD、CD、AC、BC．若∠CAB＝35°，则∠ADC的度数为（）", "choices": ["35°", "45°", "55°", "65°"], "lable": 3, "formal_point": ["圆周角定理"], "answer": "∵AB是圆O的直径，∴∠ACB＝90°，∵∠CAB＝35°，∴∠B＝90°﹣∠CAB＝55°，∴∠ADC＝∠B＝55°．故选：C．", "comment": "本题考查了圆周角定理和直角三角形的性质，注意：①直径所对的圆周角是直角，②在同圆或等圆中，同弧所对的圆周角相等，③直角三角形的两锐角互余．"}