{"id": 10271, "subject": "如图，在⊙O中，∠CDB＝25°，过点C作⊙O的切线交AB的延长线于点E，则∠E的度数为（）", "choices": ["40°", "50°", "55°", "60°"], "lable": 1, "formal_point": ["圆周角定理", "切线的性质"], "answer": "连接OC，如图，∵CE为切线，∴OC⊥CE，∴∠OCE＝90°，∵∠BOC＝2∠BDC＝2×25°＝50°，∴∠E＝90°﹣∠COE＝90°﹣50°＝40°．故选：A．", "comment": "本题考查了切线的性质：圆的切线垂直于经过切点的半径．也考查了圆周角定理．"}