{"id": 10270, "subject": "如图，⊙O中，AB=CB，过点A作BC的平行线交过点C的圆的切线于点D，若∠ABC＝46°，则∠ADC的度数是（）", "choices": ["74°", "67°", "66°", "60°"], "lable": 2, "formal_point": ["圆周角定理", "切线的性质"], "answer": "连接OA，∵BC=AB，∴∠BOC＝∠AOB，∵OB＝OC，OB＝OA，∴∠BCO＝∠OBC，∠OAC＝∠OBA，∴∠OBA＝∠CBO，∵∠ABC＝46°，∴∠OCB＝∠OBC＝23°，∵CD是圆的切线，∴OC⊥CD，∴∠OCD＝90°，∴∠BCD＝∠BCO+∠OCD＝113°，∵CB∥AD，∴∠ADC＝180°﹣∠BCD＝180°﹣113°＝67°．故选：B．", "comment": "本题考查了平行线的性质，切线的性质，圆周角定理，熟练掌握切线的性质是解题的关键．"}