{"id": 10279, "subject": "如图，在⊙O中，点D，A分别在劣弧BC和优弧BC上，∠BOC＝110°，则∠BDC＝（）", "choices": ["55°", "70°", "80°", "125°"], "lable": 4, "formal_point": ["圆心角、弧、弦的关系", "圆周角定理", "圆内接四边形的性质"], "answer": "∵∠BOC＝110°，∴∠A＝0.5×∠BOC＝55°．∵四边形ABDC为圆内接四边形，∴∠A+∠BDC＝180°．∴∠BDC＝125°．故选：D．", "comment": "本题考查了圆内接四边形的性质及同弧所对的圆周角和圆心角的关系定理，属于基础知识的考查，比较简单．"}