{"id": 10274, "subject": "如图，AB为⊙O的直径，点C在⊙O上，∠A＝24°，则BC弧的度数为（）", "choices": ["66°", "48°", "33°", "24°"], "lable": 2, "formal_point": ["圆心角、弧、弦的关系", "圆周角定理"], "answer": "连接OC，∵∠A＝24°，∴∠BOC＝2∠A＝48°，∴BC弧的度数为48°．故选：B．", "comment": "本题主要考查了圆周角定理，圆心角、弧、弦的关系．在同圆或等圆中，同弧或等弧所对的圆周角相等，都等于这条弧所对的圆心角的一半．"}