{"id": 10276, "subject": "如图，BM与⊙O相切于点B，若∠MBA＝140°，则∠ACB的度数为（）", "choices": ["40°", "50°", "60°", "70°"], "lable": 1, "formal_point": ["切线的性质"], "answer": "连接OB，OA，如图，∵BM与⊙O相切于点B，∴OB⊥BM，∴∠OBM＝90°，∴∠OBA＝∠ABM﹣∠OBM＝140°﹣90°＝50°，∵OA＝OB，∴∠OAB＝∠OBA＝50°，∴∠AOB＝180°﹣50°﹣50°＝80°，∴∠ACB＝0.5×∠AOB＝40°．故选：A．", "comment": "本题考查了切线的性质：圆的切线垂直于经过切点的半径．也考查了圆周角定理．"}