{"id": 10278, "subject": "如图，AB是⊙O的直径，点C、D是⊙O上的点，OD⊥AC，连接DC，若∠COB＝30°，则∠ACD的度数为（）", "choices": ["30°", "37.5°", "45°", "60°"], "lable": 2, "formal_point": ["圆心角、弧、弦的关系", "圆周角定理"], "answer": "如图，设AC与OD交于点E，∵BC=BC，∠COB＝30°，∴∠CAB＝0.5×∠COB＝15°．∵OD⊥AC，∴∠AEO＝90°，∴∠AOD＝90°﹣15°＝75°．∵AD=AD，∴∠ACD＝0.5×∠AOD＝37.5°．故选：B．", "comment": "本题主要考查了圆周角定理，圆心角、弧，弦的关系．正确理解和使用圆心角、弧、弦三者的关系，三者关系可理解为：在同圆或等圆中，①圆心角相等，②所对的弧相等，③所对的弦相等，三项“知一推二”，一项相等，其余二项皆相等．"}