{"id": 10284, "subject": "如图，AB为⊙O的直径，点C、D是BE的三等分点，∠AOE＝60°，则∠BOD的度数为（）", "choices": ["40°", "60°", "80°", "120°"], "lable": 3, "formal_point": ["圆心角、弧、弦的关系"], "answer": "∵∠AOE＝60°，∴∠BOE＝180°﹣∠AOE＝120°，∴BE的度数是120°，∵点C、D是BE的三等分点，∴BD的度数是\\frac{2}{3}×120°＝80°，∴∠BOD＝80°．故选：C．", "comment": "本题考查了圆心角、弧、弦之间的关系，题目比较典型，难度不是很大．"}