{"id": 10283, "subject": "如图，AB是半圆的直径，CD为半圆的弦，且CD∥AB，∠ACD＝26°，则∠B等于（）", "choices": ["26°", "36°", "64°", "74°"], "lable": 3, "formal_point": ["平行线的性质", "圆周角定理"], "answer": "∵CD∥AB，∠ACD＝26°，∴∠A＝∠ACD＝26°．∵AB是半圆的直径，∴∠ACB＝90°．∴∠B＝90°﹣26°＝64°．故选：C．", "comment": "本题主要考查了圆周角定理和平行线的性质，利用圆周角定理推知∠ACB＝90°是解题的关键．"}