{"id": 10285, "subject": "如图，BD为⊙O的直径，点A、C在⊙O上，∠A＝40°，则∠CBD的度数为（）", "choices": ["40°", "45°", "50°", "60°"], "lable": 3, "formal_point": ["圆周角定理"], "answer": "∵∠A＝40°，∴∠BDC＝40°，又∵BD为⊙O的直径，∴∠BCD＝90°，∴∠CBD＝90°﹣40°＝50°．故选：C．", "comment": "本题考查了圆周角定理：在同圆或等圆中，同弧或等弧所对的圆周角相等，一条弧所对的圆周角是它所对的圆心角的一半．也考查了圆周角定理的以及三角形内角推论和定理．"}