{"id": 10282, "subject": "如图，在⊙O中，点B是AC上一点，若∠AOC＝100°，则∠ABC的度数是（）", "choices": ["80°", "100°", "120°", "130°"], "lable": 4, "formal_point": ["圆心角、弧、弦的关系", "圆周角定理"], "answer": "设点E是优弧AB（不与A，C重合）上的一点，连接AE、CE，∵∠AOC＝100°，∴∠AEC＝0.5×AOC＝∠50°，∴∠ABC＝180°﹣∠AEC＝130°．故选：D．", "comment": "本题考查了圆周角定理：在同圆或等圆中，同弧或等弧所对的圆周角相等，都等于这条弧所对的圆心角的一半．"}