{"id": 10287, "subject": "如图，在⊙O中，∠BOC＝54°，则∠BAC的度数为（）", "choices": ["27°", "28°", "36°", "54°"], "lable": 1, "formal_point": ["圆心角、弧、弦的关系", "圆周角定理"], "answer": "∵∠BOC与∠BAC是同弧所对的圆心角与圆周角，∠BOC＝54°，∴∠BAC＝0.5×∠BOC＝27°．故选：A．", "comment": "本题考查的是圆周角定理，熟知在同圆或等圆中，同弧或等弧所对的圆周角相等，都等于这条弧所对的圆心角的一半是解答此题的关键．"}