{"id": 10280, "subject": "如图，点A，B，C在⊙O上，点D是AB延长线上一点，若∠AOC＝110°，则∠CBD的度数为（）", "choices": ["50°", "52.5°", "55°", "62.5°"], "lable": 3, "formal_point": ["圆心角、弧、弦的关系", "圆周角定理"], "answer": "设点E是优弧AC（不与A，C重合）上的一点，连接AE、CE，∵∠AOC＝110°，∴∠E＝0.5×∠AOC＝55°，∴∠CBD＝∠E＝55°．故选：C．", "comment": "本题考查了圆周角定理：在同圆或等圆中，同弧或等弧所对的圆周角相等，都等于这条弧所对的圆心角的一半．和圆内接四边形的性质．"}