{"id": 10286, "subject": "如图，点A，B，C，D，E在⊙O上，∠BAC＝10°，∠CED＝30°，则∠BOD的度数为（）", "choices": ["40°", "60°", "80°", "0°"], "lable": 3, "formal_point": ["圆心角、弧、弦的关系", "圆周角定理"], "answer": "连接BE，∵∠BEC＝∠BAC＝10°，∠CED＝30°，∴∠BED＝∠BEC+∠CED＝40°，∴∠BOD＝2∠BED＝80°．故选：C．", "comment": "此题考查了圆周角定理．注意准确作出辅助线是解此题的关键．"}