{"id": 10289, "subject": "如图，点A、B、C在⊙O上，∠ABO＝36°，则∠ACB的度数是（）", "choices": ["54°", "27°", "36°", "108°"], "lable": 1, "formal_point": ["圆周角定理"], "answer": "∵OA＝OB，∴∠OAB＝∠OBA，∵∠ABO＝36°，∴∠AOB＝180°﹣2×36°＝108°，∴∠ACB＝0.5×∠AOB＝0.5×108°＝54°．故选：A．", "comment": "此题综合运用了三角形的内角和定理和圆周角定理：在同圆或等圆中，同弧或等弧所对的圆周角相等，都等于这条弧所对的圆心角的一半．"}