{"id": 10281, "subject": "如图，△ABC是圆O的内接正三角形，将△ABC绕圆心O顺时针旋转30°，得到△DEF，连接BF，则∠BFE的度数为（）", "choices": ["10°", "15°", "30°", "150°"], "lable": 2, "formal_point": ["等边三角形的性质", "三角形的外接圆与外心", "旋转的性质"], "answer": "连接OE，OB，∵将△ABC绕圆心O顺时针旋转30°，得到△DEF，∴∠EOB＝30°，∴∠BFE＝0.5×∠BOE＝0.5×30°＝15°．故选：B．", "comment": "本题考查了三角形的外接圆与外心，圆周角定理，旋转的性质等知识点，正确作出辅助线是解题的关键．"}