{"id": 10297, "subject": "如图，AB是⊙O的直径，C、D分别是⊙O上的两点．若∠BAC＝33°，则∠D的度数等于（）", "choices": ["57°", "60°", "66°", "67°"], "lable": 1, "formal_point": ["圆周角定理"], "answer": "∵AB是⊙O的直径，∴∠ACB＝90°．又∵∠BAC＝33°，∴∠B＝90°﹣33°＝57°，∴∠D＝∠B＝57°．故选：A．", "comment": "本题主要考查了圆周角定理（推理），根据“半圆（或直径）所对的圆周角是直角”求得∠ACB＝90°是解题的关键．"}