{"id": 10295, "subject": "如图，AB是⊙O的直径，C，D两点在⊙O上，∠BCD＝25°，则∠AOD的度数为（）", "choices": ["120°", "125°", "130°", "135°"], "lable": 3, "formal_point": ["圆心角、弧、弦的关系", "圆周角定理"], "answer": "∵∠BCD＝25°，BD=BD，∴∠BOD＝2∠BCD＝50°，∴∠BCD＝180°﹣50°＝130°．故选：C．", "comment": "本题考查了圆周角定理，圆心角、弧、弦的关系，解题的关键是同弧所对的圆周角等于圆心角的一半．"}