{"id": 10293, "subject": "如图，AB是⊙O的直径，点D在⊙O上，若∠AOC＝130°，则∠BDC的度数是（）", "choices": ["70°", "50°", "25°", "40°"], "lable": 3, "formal_point": ["圆心角、弧、弦的关系", "圆周角定理"], "answer": "∵∠AOC＝130°，∴∠BOC＝180°﹣∠AOC＝50°，∴∠BDC＝0.5×∠BOC＝25°．故选：C．", "comment": "此题考查了圆周角定理．注意在同圆或等圆中，同弧或等弧所对的圆周角相等，都等于这条弧所对的圆心角的一半．"}