{"id": 10291, "subject": "如图，AB为⊙O的直径，点C，D在⊙O上．若∠CAB＝36°，则∠D的度数为（）", "choices": ["72°", "54°", "45°", "36°"], "lable": 2, "formal_point": ["圆周角定理"], "answer": "如图，连接BC，∵AB是直径，∴∠ACB＝90°，∵∠CAB＝36°，∴∠ABC＝90°﹣36°＝54°，∴∠ADC＝∠ABC＝54°．故选：B．", "comment": "本题考查圆周角定理，三角形的内角和定理等知识，解题的关键是熟练掌握基本知识，属于中考常考题型．"}