{"id": 10299, "subject": "如图，AB，EG是⊙O的直径，EF，EB是⊙O的弦，且EF＝EB，EF与AB交于点C，连接OF，若∠AOF＝20°，则∠F的度数是（）", "choices": ["20°", "30°", "40°", "50°"], "lable": 3, "formal_point": ["圆心角、弧、弦的关系", "圆周角定理"], "answer": "如图，连接FB．∵∠AOF＝20°，∴∠FOB＝180°﹣20°＝160°．∴∠FEB＝0.5×∠FOB＝80°．∵EF＝EB，∴∠EFB＝∠EBF＝50°．∵FO＝BO，∴∠OFB＝∠OBF＝10°，∴∠EFO＝∠EBO，∠EFO＝∠EFB﹣∠OFB＝40°．故选：C．", "comment": "本题考查圆周角定理，等腰三角形的性质等知识，解题的关键是熟练掌握基本知识，属于中考常考题型．"}