{"id": 10298, "subject": "如图，AB为⊙O的直径，点C，点D是⊙O上的两点，连接CA，CD，AD．若∠CAB＝50°，则∠ADC的度数是（）", "choices": ["110°", "120°", "130°", "140°"], "lable": 4, "formal_point": ["圆周角定理"], "answer": "如图，连接BC，∵AB为⊙O的直径，∴∠ACB＝90°，∴∠B＝90°﹣∠CAB＝90°﹣50°＝40°，∵∠B+∠ADC＝180°，∴∠ADC＝180°﹣40°＝140°．故选：D．", "comment": "本题考查了圆周角定理：在同圆或等圆中，同弧或等弧所对的圆周角相等，都等于这条弧所对的圆心角的一半．半圆（或直径）所对的圆周角是直角，90°的圆周角所对的弦是直径．"}