{"id": 10302, "subject": "如图，点A、B、C均在⊙O上，若∠BAO＝32°，则∠ACB的度数是（）", "choices": ["32°", "45°", "58°", "64°"], "lable": 3, "formal_point": ["圆周角定理"], "answer": "∵OA＝OB，∴∠OAB＝∠ABO＝32°，∴∠AOB＝180°﹣32°﹣32°＝116°，∴∠ACB＝0.5×∠AOB＝58°．故选：C．", "comment": "本题考查等腰三角形的性质，三角形内角和定理，圆周角定理等知识，解题的关键是熟练掌握基本知识，属于中考常考题型．"}