{"id": 10306, "subject": "如图，点A，B，C为⊙O上三点，∠OAB＝40°，则∠ACB的度数等于（）", "choices": ["100°", "80°", "50°", "40°"], "lable": 3, "formal_point": ["圆周角定理"], "answer": "∵∠OAB＝40°，∴∠OBA＝40°，∴∠O＝180°﹣40°﹣40°＝100°，∴∠ACB＝100°×0.5＝50°．故选：C．", "comment": "本题考查了圆周角定理：在同圆或等圆中，同弧或等弧所对的圆周角相等，都等于这条弧所对的圆心角的一半．"}