{"id": 10303, "subject": "如图，AB是⊙O的直径，CD是⊙O的弦，连接AC、AD、BD，若∠BAC＝34°，则∠ADC的度数为（）", "choices": ["34°", "55°", "56°", "65°"], "lable": 3, "formal_point": ["圆周角定理"], "answer": "∵AB是⊙O的直径，∴∠ADB＝90°，又∵∠CDB＝∠CAB＝34°（圆周角定理），∴∠ADC＝90°﹣34°＝56°．故选：C．", "comment": "本题考查了圆周角定理的知识，解答本题的关键是掌握圆周角定理的内容．"}