{"id": 10301, "subject": "如图，AB是⊙O的直径，C，D是圆上两点，且∠DCB＝30°，则∠AOD＝（）", "choices": ["60°", "120°", "125°", "155°"], "lable": 2, "formal_point": ["圆心角、弧、弦的关系", "圆周角定理"], "answer": "∵∠DCB＝30°，∴∠BOD＝2∠DCB＝60°，∴∠AOD＝180°﹣∠BOD＝120°．故选：B．", "comment": "本题考查了圆周角定理，圆心角、弧、弦之间的关系等知识点，注意：一条弧所对的圆周角等于它所对的圆心角的一半．"}