{"id": 10300, "subject": "如图，AB是⊙O的直径，点C、D在⊙O上，且OC∥DB，连接AD、CD，若∠C＝28°，则∠A的大小为（）", "choices": ["30°", "28°", "24°", "34°"], "lable": 4, "formal_point": ["圆周角定理"], "answer": "∵OC∥BD，∴∠C＝∠CDB＝28°，∴∠COB＝2∠CDB＝56°，∴∠COB＝∠B＝56°，∵AB是直径，∴∠ADB＝90°，∴∠DAB＝90°﹣56°＝34°．故选：D．", "comment": "本题考查圆周角定理，平行线的性质，三角形内角和定理等知识，解题的关键是理解题意，灵活运用所学知识解决问题，属于中考常考题型．"}