{"id": 10304, "subject": "如图，在⊙O中，AB=AC，∠BAC＝70°，则∠AEC的度数是（）", "choices": ["65°", "75°", "50°", "55°"], "lable": 4, "formal_point": ["圆心角、弧、弦的关系", "圆周角定理"], "answer": "∵AB=AC，∴∠B＝∠ACB，∵∠BAC＝70°，∴∠ABC＝∠ACB＝55°，∴∠AEC＝∠ABC＝55°．故选：D．", "comment": "本题考查圆周角定理，三角形内角和定理等知识，解题的关键是熟练掌握基本知识，属于中考常考题型．"}