{"id": 10307, "subject": "如图，⊙A过点O（0，0），B（2√3，0），D（0，2），点C是⊙A上的一点，连接CO，CD，则∠DCO的度数为（）", "choices": ["22.5°", "30°", "37.5°", "45°"], "lable": 2, "formal_point": ["坐标与图形性质", "垂径定理", "圆周角定理"], "answer": "如图，连接DB，在Rt△DOB中，tan∠OBD＝OD:OB=\\frac{2}{2√3}＝\\frac{√3}{3}，则∠OBD＝30°，由圆周角定理得，∠OBD＝∠DCO＝30°．故选：B．", "comment": "本题考查的是圆周角定理，坐标与图形性质，正切的定义，掌握在同圆或等圆中，同弧或等弧所对的圆周角相等是解题的关键．"}