{"id": 10308, "subject": "如图，点A，B，C在⊙O上，CO的延长线交AB于点D，∠A＝50°，∠ADC＝110°，则∠B的度数为（）", "choices": ["30°", "40°", "45°", "50°"], "lable": 1, "formal_point": ["圆周角定理"], "answer": "∵∠BOC＝2∠A，∠A＝50°，∴∠BOC＝100°，∵∠ADC＝110°，∴∠BDO＝180°﹣110°＝70°，∵∠BOC＝∠B+∠BDO，∴∠B＝100°﹣70°＝30°．故选：A．", "comment": "本题考查圆周角定理，三角形的外角的性质等知识，解题的关键是熟练掌握基本知识，属于中考常考题型．"}