{"id": 10314, "subject": "如图，圆内接四边形ABCD中，AB＝AC，AC⊥BD，则∠DAC是∠BAC的（）", "choices": ["0.5", "\\frac{1}{3}", "\\frac{2}{3}", "\\frac{2}{5}"], "lable": 1, "formal_point": ["圆心角、弧、弦的关系", "圆周角定理"], "answer": "如图，∵AB＝AC，∴∠4＝∠ABC，∴∠1+2∠4＝180°，∵AC⊥BD，∴∠2+∠3＝90°，∴2∠2+2∠3＝180°，∵∠3＝∠4，∴∠1＝2∠2．故选：A．", "comment": "本题考查了圆周角定理的运用，等腰三角形的性质等知识，关键是确定同弧所对的圆心角和圆周角，利用圆周角定理．"}