{"id": 10312, "subject": "如图，半径为10的扇形AOB中，∠AOB＝90°，C为弧AB上一点，CD⊥OA，CE⊥OB，垂足分别为D，E．若图中阴影部分的面积为10π，则∠CDE＝（）", "choices": ["30°", "36°", "54°", "45°"], "lable": 2, "formal_point": ["三角形中位线定理", "垂径定理", "圆周角定理", "扇形面积的计算"], "answer": "连接OC，∵∠AOB＝90°，CD⊥OA，CE⊥OB，∴四边形CDOE是矩形，∴OD＝CE，在△DOE与△CEO中，OD=CE∠DOE=CEOOE=EO，∴△DOE≌△CEO（SAS），∴图中阴影部分的面积＝扇形OBC的面积＝10π，∴\\frac{n×10²}{360}＝10π，∴n＝36，∴∠BOC＝36°，∵△DOE≌△CEO，∴∠DEO＝∠BOC＝36°，∵CD∥OE，∴∠CDE＝∠DEO＝36°．故选：B．", "comment": "本题考查了扇形的面积，矩形的判定与性质，全等三角形的判定和性质，利用扇形OBC的面积等于阴影的面积是解题的关键．"}