{"id": 10313, "subject": "如图，在⊙O中，∠ACB＝50°，若P为劣弧AB上的一点，∠AOP＝45°，则∠PBO的度数为（）", "choices": ["45°", "55°", "62.5°", "125°"], "lable": 3, "formal_point": ["圆心角、弧、弦的关系", "圆周角定理"], "answer": "∵∠AOB＝2∠ACB，∠ACB＝50°，∴∠AOB＝100°，∵∠AOP＝45°，∴∠POB＝55°，∵OB＝OP，∴∠OBP＝∠OPB，∴∠PBO＝0.5×（180°﹣55°）＝62.5°．故选：C．", "comment": "本题考查圆周角定理，等腰三角形的性质等知识，解题的关键是熟练掌握基本知识，属于中考常考题型．"}