{"id": 10311, "subject": "如图，AB为⊙O的直径，C，D是⊙O上的两点，若∠BDC＝52°，则∠ABC的大小为（）", "choices": ["26°", "38°", "52°", "57°"], "lable": 2, "formal_point": ["圆周角定理"], "answer": "连接AC．∵AB是直径，∴∠ACB＝90°，∵∠A＝∠D＝52°，∴∠ABC＝90°﹣52°＝38°．故选：B．", "comment": "本题考查圆周角定理，三角形内角和定理等知识，解题的关键是熟练掌握基本知识，属于中考常考题型．"}