{"id": 10318, "subject": "如图，AB是⊙O的直径，C、D是⊙O上的两点，∠CDB＝20°，则∠ABC的度数为（）", "choices": ["20°", "40°", "70°", "90°"], "lable": 3, "formal_point": ["圆周角定理"], "answer": "∵∠CDB＝20°，∴∠CAB＝∠CDB＝20°（圆周角定理），∵AB是⊙O的直径，∴∠ACB＝90°，∴∠ABC＝90°﹣∠CAB＝90°﹣20°＝70°．故选：C．", "comment": "本题考查了圆周角定理和直角三角形的性质，注意：一条弧所对的圆周角等于圆心角的一半，直径所对的圆周角是直角，直角三角形的两锐角互余．"}