{"id": 10316, "subject": "如图，△ABC内接于⊙O，∠A＝40°，∠ABC＝70°，BD是⊙O的直径，BD交AC于点E，连接CD，则∠AEB等于（）", "choices": ["70°", "90°", "110°", "120°"], "lable": 4, "formal_point": ["三角形的外接圆与外心"], "answer": "∵∠A＝40°，∴∠D＝∠A＝40°，∵BD是⊙O的直径，∴∠BCD＝90°，∴∠DBC＝90°﹣∠D＝50°，∵∠ABC＝70°，∴∠ABE＝∠ABC﹣∠DBC＝20°，∴∠AEB＝180°﹣（∠A+∠ABE）＝180°﹣（40°+20°）＝120°．故选：D．", "comment": "本题重点考查了圆周角定理、三角形的内角和，解题的关键是掌握直径所对的圆周角是直角，同弧所对的圆周角相等．"}