{"id": 10310, "subject": "如图，四边形ABCD是⊙O的内接四边形，BC是⊙O的直径，∠ACB＝18°，D为AC的中点，则∠DAC的度数是（）", "choices": ["36°", "44°", "52°", "55°"], "lable": 1, "formal_point": ["圆心角、弧、弦的关系", "圆周角定理"], "answer": "∵BC为圆O的直径，∴∠BAC＝90°，∴∠B＝90°﹣18°＝72°．∵四边形ABCD为圆O内接四边形，∴∠B+∠D＝180°，∴∠D＝108°．因为D为弧AC中点，∴AD=CD，∴AD＝CD．∴∠DAC＝∠DCA．∴∠DAC＝\\frac{180°-108°}{2}＝36°．故选：A．", "comment": "本题考查的是圆心角、弧、弦的关系，圆周角定理的应用，掌握圆内接四边形的对角互补是解题的关键．"}