{"id": 10317, "subject": "如图，AB是⊙O的直径，点C、D是圆上两点，且∠AOC＝126°，则∠CDB＝（）", "choices": ["54°", "64°", "27°", "37°"], "lable": 3, "formal_point": ["圆心角、弧、弦的关系", "圆周角定理"], "answer": "∵∠AOC＝126°，∴∠BOC＝180°﹣∠AOC＝54°，∵∠CDB＝0.5×∠BOC＝27°．故选：C．", "comment": "此题考查了圆周角定理．注意在同圆或等圆中，同弧或等弧所对的圆周角相等，都等于这条弧所对的圆心角的一半．"}