{"id": 10320, "subject": "如图，△ABC内接于⊙O，连接OA、OB，若∠ABO＝35°，则∠C的度数为（）", "choices": ["70°", "65°", "55°", "45°"], "lable": 3, "formal_point": ["圆周角定理", "三角形的外接圆与外心"], "answer": "∵OA＝OB，∠ABO＝35°，∴∠AOB＝180°﹣35°×2＝110°，∴∠C＝0.5×∠AOB＝55°．故选：C．", "comment": "此题综合运用了三角形的内角和定理以及圆周角定理．一条弧所对的圆周角等于它所对的圆心角的一半．"}