{"id": 10323, "subject": "如图，AB是⊙O的直径，点C、D、E在⊙O上．若∠BCD＝100°，则∠AED的度数为（）", "choices": ["10°", "15°", "20°", "25°"], "lable": 1, "formal_point": ["圆周角定理"], "answer": "连接BE，如图，∵四边形BCDE为⊙O的内接四边形，∴∠BCD+∠BED＝180°，∴∠BED＝180°﹣100°＝80°，∵AB是⊙O的直径，∴∠AEB＝90°，∴∠AED＝90°﹣∠BED＝90°﹣80°＝10°．故选：A．", "comment": "本题考查了圆周角定理：在同圆或等圆中，同弧或等弧所对的圆周角相等，都等于这条弧所对的圆心角的一半．半圆（或直径）所对的圆周角是直角，90°的圆周角所对的弦是直径．"}