{"id": 10321, "subject": "如图，点A，B，C，D均在以点O为圆心的圆O上，连接AB，AC及顺次连接O，B，C，D得到四边形OBCD，若OD＝BC，OB＝CD，则∠A的度数为（）", "choices": ["20°", "25°", "30°", "35°"], "lable": 3, "formal_point": ["圆心角、弧、弦的关系", "圆周角定理"], "answer": "连接OC．∵OB＝OC＝OD，OD＝BC，∴OB＝OC＝BC，∴△OBC是等边三角形，∴∠BOC＝60°，∴∠BAC＝0.5×∠BOC＝30°．故选：C．", "comment": "本题考查圆周角定理，等边三角形的判定等知识，解题的关键是证明△OBC是等边三角形．"}