{"id": 10327, "subject": "如图，在⊙O中，弦AC与半径OB交于点D，连接OA，BC，若∠B＝60°，∠ADB＝116°，则∠AOB的度数为（）", "choices": ["132°", "120°", "112°", "110°"], "lable": 3, "formal_point": ["圆心角、弧、弦的关系", "圆周角定理"], "answer": "∵∠ADB＝∠B+∠C，∴∠C＝116°﹣60°＝56°，∴∠AOB＝2∠C＝112°．故选：C．", "comment": "本题考查圆周角定理，圆心角，弧，弦之间的关系等知识，解题的关键是熟练掌握基本知识，属于中考常考题型．"}