{"id": 10328, "subject": "如图，线段AB是⊙O的直径，弦CD⊥AB，∠CAB＝25°，则∠BOD等于（）", "choices": ["30°", "40°", "50°", "55°"], "lable": 3, "formal_point": ["圆心角、弧、弦的关系", "圆周角定理"], "answer": "∵CD⊥AB，∴∠CEA＝90°，∵∠CAB＝25°，∴∠ACD＝90°﹣∠CAB＝65°，∴∠AOD＝2∠ACD＝130°，∴∠BOD＝180°﹣∠AOD＝180°﹣130°＝50°．故选：C．", "comment": "本题考查了圆周角定理，直角三角形的性质，垂直的定义等知识点，注意：一条弧所对的圆周角等于它所对的圆心角的一半．"}