{"id": 10322, "subject": "如图，四边形ABCD内接于⊙O，已知∠BAD＝∠BCD＝90°，AD＝CD，且∠ADC＝120°，若点E为弧BC的中点，连接DE，则∠CDE的大小是（）", "choices": ["25°", "30°", "35°", "40°"], "lable": 2, "formal_point": ["圆心角、弧、弦的关系", "圆周角定理", "圆内接四边形的性质"], "answer": "法一、连接BD，∵四边形ABCD是⊙O的内接四边形，∴∠ABC+∠ADC＝180°，∵∠ADC＝120°，∴∠ABC＝60°，∵AD＝CD，∴AD=CD，∴∠DBC＝∠ABD＝0.5×60°＝30°，∵∠BCD＝90°，∴∠BDC＝90°﹣∠CBD＝60°，∵E为BC的中点，∴∠CDE＝∠BDE＝0.5×∠BDC＝30°；解法二、连接AC、BD，∵AD＝CD，∴AD=DC，∴∠ABD＝∠CBD，∵∠BAD＝∠BCD＝90°，∴∠ADB＝∠CDB，∵∠ADC＝120°，∴∠ADB＝∠CDB＝60°，∵点E为弧BC的中点，∴∠BDE＝∠CDE＝0.5×∠BDC＝0.5×60°＝30°；．故选：B．", "comment": "本题考查了圆内接四边形的性质，圆周角定理，弧、弦、圆心角之间的关系等知识点，能熟记知识点是解此题的关键．"}