{"id": 10324, "subject": "如图，AB为半圆O的直径，点C、D为AE的三等分点，若∠COD＝50°，则∠BOE的度数是（）", "choices": ["25°", "30°", "50°", "60°"], "lable": 2, "formal_point": ["圆心角、弧、弦的关系"], "answer": "∵点C、D为AE的三等分点，∴AC=CD=ED，∴∠AOC＝∠COD＝∠DOE＝50°，∴∠AOE＝150°，∴∠EOB＝180°﹣∠AOE＝30°．故选：B．", "comment": "本题考查圆心角，弧，弦之间的关系，解题的关键是理解题意，灵活运用所学知识解决问题．"}