{"id": 10335, "subject": "如图，AB是⊙O的直径，C，D分别为⊙O上一点，∠DOB＝64°，∠D＝∠B，则∠B等于（）", "choices": ["13°", "14°", "15°", "16°"], "lable": 4, "formal_point": ["圆心角、弧、弦的关系", "圆周角定理"], "answer": "连接OC，如图所示∵∠DOB＝64°，∴∠DCB＝32°，而OC＝OD，OC＝OB，∴∠D＝∠OCD，∠B＝∠OCB，又∵∠D＝∠B，∴∠OCD＝∠OCB＝0.5×∠DCB＝0.5×32°=16°，∴∠B＝16°，故A、B、C错误．故选：D．", "comment": "本题考查圆周角定理，连接OC正确作出辅助线结合圆周角定理是解题关键．"}