{"id": 10336, "subject": "如图，AB为⊙O的直径，直线AC与⊙O相切于点A，点E为半圆弧AB的中点，连接OC交⊙O于点D，连接ED．若∠CAD＝20°，则∠EDO的度数为（）", "choices": ["20°", "25°", "30°", "35°"], "lable": 2, "formal_point": ["圆周角定理", "切线的性质"], "answer": "连接OE，如图，∵直线AC与⊙O相切于点A，∴AB⊥AC，∴∠BAC＝90°，∵∠BAD＝90°﹣∠CAD＝90°﹣20°＝70°，∵OA＝OD，∴∠ODA＝∠OAD＝70°，∵点E为半圆弧AB的中点，∴OE⊥AB，∴∠AOE＝90°，∴∠ADE＝0.5×∠AOE＝45°，∴∠EOD＝∠ODA﹣∠ADE＝70°﹣45°＝25°．故选：B．", "comment": "本题考查了切线的性质：圆的切线垂直于经过切点的半径．也考查了圆周角定理．"}