{"id": 10338, "subject": "如图，四边形ABCD内接于⊙O，⊙O的半径为1，AB＝√2，CB＝√3，则∠ADC的度数是（）", "choices": ["100°", "105°", "110°", "120°"], "lable": 2, "formal_point": ["圆周角定理", "圆内接四边形的性质"], "answer": "过O分别作OE⊥AB于E，OF⊥BC于F，连接OB，则AE＝BE＝0.5×AB＝\\frac{√2}{2}，BF＝CF＝0.5×BC＝\\frac{√3}{2}，OB＝1∴cos∠OBE＝BE\\OB=\\frac{√2}{2}，cos∠OBF＝\\frac{√3}{2}，∴∠OBE＝45°，∠OBF＝30°，∴∠ABC＝∠OBE+∠OBF＝75°，∵四边形ABCD内接于⊙O，∴∠ADC+∠ABC＝180°，∴∠ADC＝180°﹣75°＝105°．故选：B．", "comment": "本题主要考查了圆内接四边形的性质，垂径定理，三角函数的定义，正确做出辅助线是解决问题的关键．"}