{"id": 10332, "subject": "如图，在⊙O中，OA、OB为半径，AB、AC、BC为弦，若∠OAB＝70°，则∠C的度数为（）", "choices": ["40°", "70°", "20°", "30°"], "lable": 3, "formal_point": ["圆周角定理"], "answer": "∵OA＝OB，∠OAB＝70°，∴∠OBA＝∠OAB＝70°，∴∠AOB＝180°﹣2×70°＝40°，∴∠C＝0.5×∠AOB＝20°．故选：C．", "comment": "本题考查了圆周角定理、等腰三角形的性质以及三角形内角和定理；熟练掌握圆周角定理和等腰三角形的性质是解题的关键．"}