{"id": 10334, "subject": "如图，点A、B、C在⊙O上，AB∥OC，∠A＝70°，则∠B的度数是（）", "choices": ["110°", "125°", "135°", "165°"], "lable": 2, "formal_point": ["圆周角定理"], "answer": "∵AB∥OC，∠A＝70°，∴∠AOC＝180°﹣∠A＝110°，∴优弧AOC所对的圆心角为：360°﹣110°＝250°，∴∠B＝0.5×250°＝125°．故选：B．", "comment": "本题考查了圆周角定理以及平行线的性质等知识；熟练掌握圆周角定理和平行线的性质是解题的关键．"}