{"id": 10333, "subject": "如图，AB为⊙O的直径，△ABC内接于⊙O，D为AB上一点，且BC＝BD，连接CD并延长交⊙O于点E，连接AE，若∠B＝70°，则∠CAE的大小为（）", "choices": ["60°", "65°", "70°", "75°"], "lable": 4, "formal_point": ["等腰三角形的性质", "圆周角定理", "三角形的外接圆与外心"], "answer": "∵BC＝BD，∴∠BCD＝∠BDC，∵∠B＝70°，∴∠BCD＝0.5×（180°-70°）＝55°，∴∠BAE＝55°，∵AB为⊙O的直径，∴∠BCA＝90°，∴∠BAC＝90°﹣∠B＝90°﹣70°＝20°，∴∠CAE＝∠BAC+∠BAE＝20°+55°＝75°．故选：D．", "comment": "本题考查了等腰三角形的性质，圆周角定理，三角形内角和定理，熟练掌握圆周角定理是解题的关键．"}