{"id": 10331, "subject": "如图，AB是⊙O的直径，点C，D在⊙O上，若∠D＝110°，则∠BAC的度数为（）", "choices": ["20°", "35°", "55°", "90°"], "lable": 1, "formal_point": ["圆周角定理"], "answer": "∵∠ADC+∠B＝180°，∠ADC＝110°，∴∠ABC＝70°，∵AB是直径，∴∠ACB＝90°，∴∠CAB＝20°．故选：A．", "comment": "本题考查圆周角定理，圆内接四边形的性质等知识，解题的关键是熟练掌握基本知识，属于中考常考题型．"}