{"id": 10339, "subject": "如图，△ADC内接于⊙O，BC是⊙O的直径，若∠A＝66°，则∠BCD等于（）", "choices": ["14°", "24°", "34°", "66°"], "lable": 2, "formal_point": ["圆周角定理", "三角形的外接圆与外心"], "answer": "∵AB是直径，∴∠CDB＝90°，∵∠A＝∠DBC＝66°，∴∠BCD＝90°﹣66°＝24°．故选：B．", "comment": "本题考查了圆周角定理：在同圆或等圆中，同弧或等弧所对的圆周角相等，都等于这条弧所对的圆心角的一半．"}