{"id": 10337, "subject": "如图，已知⊙O上三点A、B、C，连接AB、AC、OB、OC，切线BD交OC的延长线于点D，∠A＝25°，则∠D的度数为（）", "choices": ["20°", "30°", "40°", "50°"], "lable": 3, "formal_point": ["圆周角定理", "切线的性质"], "answer": "∵BD为切线，∴OB⊥BD，∴∠OBD＝90°，∵∠BOC＝2∠A＝2×25°＝50°，∴∠D＝90°﹣∠BOD＝90°﹣50°＝40°．故选：C．", "comment": "本题考查了切线的性质：圆的切线垂直于经过切点的半径．也考查了圆周角定理．"}