{"id": 10344, "subject": "如图，AB是⊙O的直径，C，D是⊙O上两点，若∠D＝55°，则∠BOC的度数是（）", "choices": ["35°", "55°", "60°", "70°"], "lable": 4, "formal_point": ["圆心角、弧、弦的关系", "圆周角定理"], "answer": "∵AB是⊙O的直径，∴∠ACB＝90°，∵∠B＝∠D＝55°，∴∠BAC＝90°﹣55°＝35°，∴∠BOC＝2∠BAC＝2×35°＝70°．故选：D．", "comment": "本题考查了圆周角定理：在同圆或等圆中，同弧或等弧所对的圆周角相等，都等于这条弧所对的圆心角的一半．半圆（或直径）所对的圆周角是直角，90°的圆周角所对的弦是直径．"}