{"id": 10342, "subject": "如图，在△ABC中，∠ACB＝90°，以AC为直径作⊙O交AB于点D，连接OD，CD，若CD＝OD，则∠B的度数为（）", "choices": ["30°", "45°", "60°", "70°"], "lable": 3, "formal_point": ["圆心角、弧、弦的关系", "圆周角定理"], "answer": "∵CD＝OD，OD＝OC＝OA＝0.5×AC，∴CD＝0.5×AC，∵AC为⊙O的直径，∴∠ADC＝90°，∴∠A＝30°，∵∠ACB＝90°，∴∠B＝90°﹣∠A＝60°．故选：C．", "comment": "本题考查了圆周角定理，直角三角形的性质等知识点，注意：在直角三角形中，如果有一条直角边等于斜边的一半，那么这条直角边所对的角等于30°．"}