{"id": 10340, "subject": "如图，AC是⊙O的直径，BC是⊙O的切线，AB交⊙O于点D，若∠ABC＝65°，则∠COD的度数是（）", "choices": ["65°", "55°", "50°", "60°"], "lable": 3, "formal_point": ["圆周角定理", "切线的性质"], "answer": "∵BC切⊙O于C，∴AC⊥BC，即∠ACB＝90°，∵∠ABC＝65°，∴∠A＝90°﹣∠ABC＝25°，∵OA＝OD，∴∠ADO＝∠A＝25°，∴∠COD＝∠A+∠ADO＝50°．故选：C．", "comment": "本题考查了切线的性质，等腰三角形的性质和直角三角形的性质，注意：①圆的切线垂直于过切点的半径，②直角三角形的两锐角互余．"}