{"id": 10348, "subject": "如图，AB是⊙O的直径，CD是弦（点C不与点A，点B重合，且点C与点D位于直径AB两侧），若∠AOD＝110°，则∠BCD等于（）", "choices": ["25°", "35°", "55°", "70°"], "lable": 2, "formal_point": ["圆心角、弧、弦的关系", "圆周角定理"], "answer": "连接AC，如图∵AB是⊙O的直径，∴∠ACB＝90°，∵∠AOD＝110°，∴∠ACD＝55°，∴∠BCD＝∠ACB﹣∠ACD＝35°．故选：B．", "comment": "本题考查圆心角及圆周角的关系，掌握同（等）圆中，同弧所对圆周角是圆心角的一半是解题的关键．"}