{"id": 10346, "subject": "如图，AB是⊙O的直径，AC是⊙O的切线，A为切点，BC与⊙O交于点D，连接OD．若∠C＝46°，则∠AOD的度数为（）", "choices": ["44°", "88°", "46°", "92°"], "lable": 2, "formal_point": ["圆周角定理", "切线的性质"], "answer": "∵AB是⊙O的直径，AC是⊙O的切线，∴∠CAB＝90°，∵∠C＝46°，∴∠B＝90°﹣46°＝44°，由圆周角定理得，∠AOD＝2∠B＝88°．故选：B．", "comment": "本题考查的是切线的性质、圆周角定理，掌握圆的切线垂直于经过切点的半径是解题的关键．"}