{"id": 10347, "subject": "如图，AD为⊙O切线，点A为切点，DO交⊙O于点C，点B在⊙O上，连接AB、CB，若∠D＝36°，则∠ABC的度数为（）", "choices": ["36°", "34°", "27°", "24°"], "lable": 3, "formal_point": ["圆周角定理", "切线的性质"], "answer": "连接OA，∵AD为⊙O切线，∴∠OAD＝90°，∵∠D＝36°，∴∠AOD＝90°﹣36°＝54°，由圆周角定理得，∠ABC＝0.5×∠AOD＝27°．故选：C．", "comment": "本题考查的是切线的性质、圆周角定理，掌握圆的切线垂直于经过切点的半径是解题的关键．"}