{"id": 10341, "subject": "如图，PA，PB是⊙O的切线，切点分别为A，B，PO的延长线交⊙O于点C，连接OA，OB，BC．若AO＝2，OP＝4，则∠C等于（）", "choices": ["20°", "30°", "45°", "60°"], "lable": 2, "formal_point": ["圆周角定理", "切线的性质"], "answer": "∵PA，PB是⊙O的切线，∴PA＝PB，∠OAP＝∠OBP＝90°，∵AO＝OB＝2，OP＝4，∴∠APO＝∠BPO＝30°，∴∠AOP＝∠BOP＝60°，∵OB＝OC，∴∠C＝30°．故选：B．", "comment": "本题考查了切线的性质，圆周角定理，解题的关键是掌握切线的性质．"}