{"id": 10345, "subject": "如图，△ABC内接于⊙O，AD是⊙O的直径，若∠C＝63°，则∠DAB等于（）", "choices": ["27°", "31.5°", "37°", "63°"], "lable": 1, "formal_point": ["圆周角定理", "三角形的外接圆与外心"], "answer": "∵AD是⊙O的直径，∴∠ABD＝90°，∵∠C＝∠D＝63°，∴∠DAB＝90°﹣63°＝27°．故选：A．", "comment": "本题主要考查了三角形的外接圆，圆周角定理，灵活运用圆周角定理是解决问题的关键．"}