{"id": 10354, "subject": "如图，AB为⊙O的直径，过圆上一点C作⊙O的切线，交AB的延长线于点D，连接AC，若∠A＝35°，则∠D的度数为（）", "choices": ["15°", "20°", "25°", "30°"], "lable": 2, "formal_point": ["圆周角定理", "切线的性质"], "answer": "连接OC，如图，∵CD为切线，∴OC⊥CD，∴∠OCD＝90°，∵∠COD＝2∠A＝2×35°＝70°，∴∠D＝90°﹣∠COD＝90°﹣70°＝20°．故选：B．", "comment": "本题考查了切线的性质：圆的切线垂直于经过切点的半径．也考查了圆周角定理．"}