{"id": 10352, "subject": "如图，AB是圆O的直径，C，D是AB上的两点，连接AC，BD相交于点E，若∠BEC＝58°，那么∠DOC的度数为（）", "choices": ["32°", "64°", "61°", "58°"], "lable": 2, "formal_point": ["圆心角、弧、弦的关系", "圆周角定理"], "answer": "连接BC，∵AB是圆O的直径，∴∠ACB＝90°，∵∠BEC＝58°，∴∠1＝90°﹣∠BEC＝90°﹣58°＝32°，∴∠DOC＝2∠1＝2×32°＝64°．故选：B．", "comment": "本题主要考查了圆周角定理及其推论，作出恰当的辅助线是解答此题的关键．"}