{"id": 10351, "subject": "如图，已知四边形ABCD内接于⊙O，连接OA，OC，若∠AOC＝116°，则∠ADC的度数是（）", "choices": ["122°", "120°", "117°", "116°"], "lable": 1, "formal_point": ["圆心角、弧、弦的关系", "圆周角定理", "圆内接四边形的性质"], "answer": "∵∠AOC＝116°，∴∠B＝0.5×∠AOC＝58°，∴∠ADC＝180°﹣∠B＝122°．故选：A．", "comment": "本题考查了圆周角定理：在同圆或等圆中，同弧或等弧所对的圆周角相等，都等于这条弧所对的圆心角的一半．"}