{"id": 10357, "subject": "如图，⊙O中，CD是切线，切点是D，直线CO交⊙O于B，A，∠A＝15°，则∠C的度数是（）", "choices": ["45°", "65°", "60°", "70°"], "lable": 3, "formal_point": ["圆周角定理", "切线的性质"], "answer": "连接OD，如图，∵OA＝OD，∴∠ODA＝∠A＝15°，∴∠COD＝∠A+∠ODA＝30°，∵CD是切线，∴OD⊥CD，∴∠CDO＝90°，∴∠C＝90°﹣∠COD＝60°．故选：C．", "comment": "本题考查了切线的性质：圆的切线垂直于经过切点的半径．"}