{"id": 10359, "subject": "如图，△ABC内接于⊙O，AD是⊙O的直径，若∠C＝63°，则∠DAB等于（）", "choices": ["27°", "54°", "37°", "63°"], "lable": 1, "formal_point": ["圆周角定理", "三角形的外接圆与外心"], "answer": "∵AD是⊙O的直径，∴∠ABD＝90°，∵AB=AB，∴∠C＝∠D＝63°，∴∠DAB＝90°﹣63°＝27°．故选：A．", "comment": "本题考查了三角形的外接圆与外心，圆周角定理，灵活运用这些性质解决问题是本题的关键．"}