{"id": 10358, "subject": "如图，AB是⊙O的弦，点C在过点B的切线上，且OC⊥OA，OC交AB于点P，已知∠OAB＝22°，则∠OCB为（）", "choices": ["22°", "44°", "48°", "68°"], "lable": 2, "formal_point": ["圆周角定理", "切线的性质"], "answer": "连接OB，∵OA＝OB，∴∠A＝∠OBA＝22°，∴∠AOB＝180°﹣22°﹣22°＝136°，又∵OA⊥OC，∴∠AOC＝90°，∴∠BOC＝136°﹣90°＝46°，∵BC是⊙O的切线，∴OB⊥BC，∴∠OBC＝90°，∴∠OCB+∠BOC＝90°，∴∠OCB＝90°﹣46°＝44°．故选：B．", "comment": "本题考查切线的性质、等腰三角形的性质、三角形的内角和定理，掌握切线的性质、等腰三角形的性质，三角形的内角和定理是正确解答的前提．"}