{"id": 10356, "subject": "如图所示，点A、B、C都在⊙O上，若∠ABO＝20°，∠ACO＝30°，则∠BOC＝（）", "choices": ["100°", "110°", "125°", "130°"], "lable": 1, "formal_point": ["圆心角、弧、弦的关系", "圆周角定理"], "answer": "过A作⊙O的直径，交⊙O于D．在△OAB中，OA＝OB，则∠BOD＝∠ABO+∠OAB＝2×20°＝40°，同理可得：∠COD＝∠ACO+∠OAC＝2×30°＝60°，故∠BOC＝∠BOD+∠COD＝100°．故选：A．", "comment": "本题考查了圆周角定理，涉及了等腰三角形的性质及三角形的外角性质，解答本题的关键是求出∠COD及∠BOD的度数．"}