{"id": 10355, "subject": "如图，AB是⊙O的直径，C、D是⊙O上的两点，且点C为弧BAD的中点，连接CD、CB、OD，CD与AB交于点F．若∠AOD＝100°，则∠ABC的度数为（）", "choices": ["15°", "20°", "25°", "30°"], "lable": 2, "formal_point": ["圆心角、弧、弦的关系", "圆周角定理"], "answer": "连接BD，∵∠AOD＝100°，∴∠OBD＝0.5×∠AOD＝50°，∠BOD＝180°﹣∠AOD＝180°﹣100°＝80°，∴∠DCB＝0.5×∠BOD＝40°，∵点C为弧BAD的中点，∴DC＝CB，∴∠CDB＝∠CBD＝\\frac{180°-40°}{2}=70°，∴∠CBA＝∠CBD﹣∠OBD＝70°﹣50°＝20°．故选：B．", "comment": "本题考查了等腰三角形的性质，三角形内角和定理，圆周角定理，掌握一条弧所对的圆周角是这条弧所对的圆心角的一半是解题的关键．"}