{"id": 10350, "subject": "如图，AB为⊙O的直径，CD为⊙O的弦，若∠CAB＝51°，则∠ADC的度数为（）", "choices": ["45°", "35°", "42°", "39°"], "lable": 4, "formal_point": ["圆周角定理"], "answer": "如图，连接BD，∴∠CDB＝∠CAB＝51°，∵AB是⊙O的直径，∴∠ADB＝90°，∴∠ADC＝90°﹣∠CDB＝39°．故选：D．", "comment": "本题主要考查圆周角定理，解题的关键是掌握圆周角定理：在同圆或等圆中，同弧或等弧所对的圆周角相等，都等于这条弧所对的圆心角的一半．"}