{"id": 10369, "subject": "如图，AB是⊙O的直径，点C，D，E在⊙O上．若∠AED＝25°，则∠BCD的度数为（）", "choices": ["105°", "115°", "125°", "135°"], "lable": 2, "formal_point": ["圆周角定理"], "answer": "连接AC，∵AB为⊙O的直径，∴∠ACB＝90°，∵∠AED＝25°，AD=AD，∴∠ACD＝∠AED＝25°，∴∠BCD＝∠ACB+∠ACD＝115°．故选：B．", "comment": "此题主要考查了圆周角定理：在同圆或等圆中，同弧或等弧所对的圆周角相等，都等于这条弧所对的圆心角的一半．"}