{"id": 10363, "subject": "如图，AB是⊙O的直径，点C在⊙O上，过点C的切线与AB的延长线交于点E，点D在AC上（不与点A，C重合），连接AD，CD．若∠D＝110°，则∠AEC的度数为（）", "choices": ["55°", "50°", "45°", "40°"], "lable": 2, "formal_point": ["圆周角定理", "圆内接四边形的性质", "切线的性质"], "answer": "如图，连接OC，BC，∵四边形ABCD是圆的内接四边形，∴∠D+∠ABC＝180°，∵∠D＝110°，∴∠ABC＝180°﹣∠D＝180°﹣110°＝70°，∵OB＝OC，∴∠OBC＝∠OCB＝70°，∴∠BOC＝180°﹣70°﹣70°＝40°，∵EC是⊙O的切线，∴OC⊥EC，即∠OCE＝90°，∴∠AEC＝90°﹣∠BOC＝90°﹣40°＝50°．故选：B．", "comment": "本题考查切线的性质，圆内接四边形的性质，掌握“切线垂直于经过切点的半径”以及“圆内接四边形对角互补”的性质是解决问题的关键．"}