{"id": 10365, "subject": "已知：如图，OA，OB是⊙O的两条半径，∠AOB＝100°，点C在⊙O上，则∠ACB的度数为（）", "choices": ["45°", "35°", "60°", "50°"], "lable": 4, "formal_point": ["圆心角、弧、弦的关系", "圆周角定理"], "answer": "∵OA，OB是⊙O的两条半径，∠AOB＝100°，由圆周角定理得，∠ACB＝0.5×∠AOB＝50°．故选：D．", "comment": "本题考查的是圆周角定理，在同圆或等圆中，同弧或等弧所对的圆周角相等，都等于这条弧所对的圆心角的一半．"}