{"id": 10368, "subject": "如图，AB为⊙O的直径，C，D是⊙O上的两点，若∠D＝56°，则∠ABC的度数为（）", "choices": ["37°", "34°", "35°", "36°"], "lable": 2, "formal_point": ["圆周角定理"], "answer": "连接AC，∵∠D＝56°，∴∠A＝∠D＝56°，∵AB是⊙O的直径，∴∠ACB＝90°，∴∠ABC＝90°﹣∠A＝90°﹣56°＝34°．故选：B．", "comment": "本题考查了圆周角定理和直角三角形的性质，注意：①直径所对的圆周角是直角，②在同圆或等圆中，同弧所对的圆周角相等，③直角三角形的两锐角互余．"}