{"id": 10367, "subject": "如图，AB是⊙O的直径，PA切于点A，线段PO交⊙O于点C，连接BC．若∠P＝40°，则∠B等于（）", "choices": ["15°", "20°", "25°", "30°"], "lable": 3, "formal_point": ["圆周角定理", "切线的性质"], "answer": "∵AB是⊙O的直径，PA切于点A，∴∠OAP＝90°，又∵∠P＝40°，∴∠AOP＝90°﹣40°＝50°，又∵OA＝OB，∴∠B＝∠OCB＝0.5×∠AOP＝25°．故选：C．", "comment": "本题考查切线的性质，圆周角定理以及等腰三角形的性质，掌握切线的性质，圆周角定理是正确解答的关键．"}