{"id": 10362, "subject": "如图，AB是⊙O的直径，点C为⊙O外一点，CA，CD分别与⊙O相切于点A，点D，连接BD，AD．若∠ACD＝50°，则∠DBA的度数是（）", "choices": ["15°", "35°", "65°", "75°"], "lable": 3, "formal_point": ["圆周角定理", "切线的性质"], "answer": "∵CA，CD分别与⊙O相切于点A，点D，∴∠CAO＝90°，AC＝CD，∵∠ACD＝50°，∴∠CAD＝∠CDA＝0.5×（180°﹣∠ACD）＝65°，∴∠DAB＝90°﹣∠CAD＝90°﹣65°＝25°，∵AB是直径，∴∠ADB＝90°，∴∠DBA＝90°﹣∠DAB＝90°﹣25°＝65°．故选：C．", "comment": "本题考查了圆周角定理，等腰三角形的性质，直角三角形的性质，圆周角定理等知识点，能综合运用知识点进行推理和计算是解此题的关键．"}