{"id": 10366, "subject": "如图，四边形ABDE是⊙O的内接四边形，CE是⊙O的直径，连接BC，DC．若∠BDC＝20°，则∠A的度数为（）", "choices": ["90°", "100°", "110°", "120°"], "lable": 3, "formal_point": ["圆周角定理", "圆内接四边形的性质"], "answer": "∵CE是⊙O的直径，∴∠CDE＝90°，∵∠BDC＝20°，∴∠BDE＝∠CDE﹣∠BDC＝70°，∵四边形ABDE是⊙O的内接四边形，∴∠A＝180°﹣∠BDE＝110°．故选：C．", "comment": "本题考查的是圆内接四边形的性质、圆周角定理，掌握圆内接四边形的对角互补是解题的关键．"}