{"id": 10361, "subject": "如图，P为⊙O外一点，PA，PB是⊙O的切线，A，B为切点，点C为AB左侧⊙O上一点，若∠P＝50°，则∠ACB的度数为（）", "choices": ["50°", "55°", "60°", "65°"], "lable": 4, "formal_point": ["圆周角定理", "切线的性质"], "answer": "如图，连接OA、OB，∵PA、PB是⊙O的切线，A、B为切点，∴OA⊥PA，OB⊥PB，∴∠PAO＝∠PBO＝90°，∵∠P＝50°，∴∠AOB＝360°﹣90°﹣90°﹣50°＝130°，∴∠C＝0.5×∠AOB＝0.5×130°＝65°．故选：D．", "comment": "本题考查切线的性质，四边形的内角和定理，圆周角定理，掌握切线的性质，圆周角定理是解决问题的关键．"}