{"id": 10360, "subject": "如图，在以AB为直径的半⊙O中，AC=BC，点D为AC上一点，连接OC，BD交于点E，连接OD，若∠DEC＝65°，则∠DOC的度数等于（）", "choices": ["25°", "32.5°", "35°", "40°"], "lable": 4, "formal_point": ["圆心角、弧、弦的关系", "圆周角定理"], "answer": "∵AC=BC，∴OC⊥AB，∴∠BOC＝∠AOC＝90°，∵∠OEB＝∠DEC＝65°，∴∠ABD＝90°﹣∠OEB＝25°，∴∠AOD＝2∠ABD＝50°，∴∠DOC＝90°﹣∠AOD＝40°．故选：D．", "comment": "本题考查了圆周角定理、垂径定理、对顶角相等等知识；熟练掌握圆周角定理和垂径定理是解题的关键．"}