{"id": 10364, "subject": "如图，四边形ABCD内接于圆O，∠BOD＝108°，则∠BCD的度数是（）", "choices": ["127°", "108°", "126°", "125°"], "lable": 3, "formal_point": ["圆心角、弧、弦的关系", "圆周角定理", "圆内接四边形的性质"], "answer": "∵∠BOD＝108°，∴∠A＝0.5×∠BOD＝54°，∴∠BCD＝180°﹣∠A＝126°．故选：C．", "comment": "本题考查了圆内接四边形的性质，圆周角定理：在同圆或等圆中，同弧或等弧所对的圆周角相等，都等于这条弧所对的圆心角的一半．"}