{"id": 10373, "subject": "如图，在⊙O中，∠OAC+∠C＝50°，则∠BAC的度数为（）", "choices": ["30°", "35°", "40°", "45°"], "lable": 3, "formal_point": ["圆周角定理"], "answer": "如图，连接OC，∵OA＝OC，∴∠OAC＝∠OCA．∵∠OAC+∠ACB＝50°，∴∠OCA+∠ACB＝50°．∵OB＝OC，∴∠OBC＝∠OCB＝50°．∴∠COB＝180°﹣50°×2＝80°．∵BC=BC，∴∠BAC＝0.5×∠COB＝40°．故选：C．", "comment": "本题主要考查了圆周角定理，利用等腰三角形的性质和三角形内角和定理求得圆心角∠COB的度数是解题的关键．"}