{"id": 10378, "subject": "如图，PA，PB分别与⊙O相切于A，B两点，PA＝AB，则∠AOB＝（）", "choices": ["100°", "110°", "120°", "130°"], "lable": 3, "formal_point": ["垂径定理", "切线的性质"], "answer": "∵PA，PB分别与⊙O相切于A，B两点，∴PA＝PB，OA⊥AP，OB⊥PB，∴∠OAP＝∠OBP＝90°，∵PA＝AB，∴△APB是等边三角形，∴∠P＝60°，∴∠AOB＝360°﹣∠OAP﹣∠OBP﹣∠P＝120°．故选：C．", "comment": "本题考查了切线的性质：圆的切线垂直于经过切点的半径，掌握相关性质定理正确推理论证是解题关键．"}