{"id": 10372, "subject": "如图，AB是⊙O的直径，弦CD⊥AB，DE∥CB交⊙O于点E，若∠CBA＝20°，则∠AOE的度数为（）", "choices": ["120°", "80°", "110°", "100°"], "lable": 4, "formal_point": ["圆心角、弧、弦的关系", "圆周角定理"], "answer": "连接OC，∵AB⊥CD，∴∠CFB＝90°，∵∠CBA＝20°，∴∠AOC＝2∠CBA＝40°，∠BCD＝90°﹣∠CBA＝70°，∴AC的度数是40°，∵DE∥BC，∴∠BCD+∠D＝180°，∴∠D＝110°，∴CBE的度数是220°，∴CAE的度数是360°﹣220°＝140°，∴ADE的度数是140°﹣40°＝100°，∴∠AOE＝100°．故选：D．", "comment": "本题考查了圆周角定理，圆心角、弧、弦之间的关系等知识点，能熟记知识点是解此题的关键．"}