{"id": 10371, "subject": "如图，AB为⊙O的直径，C为半圆的中点，D为⊙O上的一点，且C、D两点分别在AB的异侧，则∠D的度数为（）", "choices": ["30°", "45°", "60°", "75°"], "lable": 2, "formal_point": ["圆周角定理"], "answer": "连接BD，如图所示∵AB为⊙O的直径，∴∠ADB＝90°，∵C为半圆的中点，∴AC=BC,∴∠ADC＝∠BDC＝0.5×∠ADB＝45°．故选：B．", "comment": "本题考查了圆周角定理，熟练掌握圆周角定理是解题的关键．"}