{"id": 10377, "subject": "如图，AB是⊙O的直径，AP是⊙O的切线，A为切点，若∠BAC＝58°，则∠P的度数为（）", "choices": ["22°", "32°", "58°", "62°"], "lable": 3, "formal_point": ["圆周角定理", "切线的性质"], "answer": "∵AP是⊙O的切线，∴AP⊥AB，∴∠BAP＝90°，∴∠CAP＝90°﹣∠BAC＝90°﹣58°＝32°，∵AB是⊙O的直径，∴∠ACB＝90°，∵∠ACB＝∠P+∠CAP，∴∠P＝90°﹣32°＝58°．故选：C．", "comment": "本题考查了切线的性质：圆的切线垂直于经过切点的半径．也考查了圆周角定理．"}