{"id": 10379, "subject": "如图，在△ABC中，AB＝AC，AD⊥BC于点D，点M是△ABC内一点，连接BM交AD于点N，已知∠AMB＝108°，若点M是△CAN的内心，则∠BAC的度数为（）", "choices": ["36°", "48°", "60°", "72°"], "lable": 2, "formal_point": ["等腰三角形的性质", "圆周角定理", "三角形的内切圆与内心"], "answer": "如图，过点M作ME⊥AD于点E，∵AB＝AC，AD⊥BC，∴△ABC是等腰三角形，AD是BC边的中垂线，∴NB＝NC，∠BAD＝∠CAD，∴∠NBD＝∠NCD，∵ME⊥AD，AD⊥BC，∴ME∥BC，∴∠NME＝∠NBD，∵点M是△CAN的内心，∴点M在∠NAC和∠ANC的角平分线上，∴∠NAM＝∠CAM，∠ANM＝∠CNM，设∠NAM＝x，∠NBD＝y，∴∠BAC＝4x，∠NBD＝∠NCD＝∠NME＝y，∴∠ENM＝∠CNM＝∠NBC+∠NCB＝2y，∵∠AMB＝108°，∴∠AME＝∠AMB﹣∠EMN＝108°﹣y，在△AEM中，∠EAM+∠AME＝90°，∴x+108°﹣y＝90°，∴y﹣x＝18°，在△ANM中，∠NAM+∠ANM＝180°﹣108°，∴x+2y＝72°，y-x=18°2y+x=72°，，解得，x=12°，y=30°∴∠BAC＝4x＝48°．故选：B．", "comment": "本题考查了三角形的内切圆与内心，等腰三角形的性质，圆周角定理，角平分线的性质，平行线的判定与性质，解二元一次方程组，熟悉相关性质是解题关键．"}