{"id": 10376, "subject": "如图，BC与⊙O相切于点B，CO连接并延长后交⊙O于点A，连接AB，若∠BAC＝36°，则∠C的度数为（）", "choices": ["36°", "24°", "18°", "15°"], "lable": 3, "formal_point": ["圆周角定理", "切线的性质"], "answer": "连接OB，如图，∵BC与⊙O相切于点B，∴OB⊥BC，∴∠OBC＝90°，∵∠BOC＝2∠BAC＝2×36°＝72°，∴∠C＝90°﹣∠BOC＝90°﹣72°＝18°．故选：C．", "comment": "本题考查了切线的性质：圆的切线垂直于经过切点的半径．也考查了圆周角定理．"}