{"id": 10374, "subject": "如图，等边△ABC的边长为2，⊙A的半径为1，点D是线段BC上一动点（不与B，C重合），过点D作⊙A的切线，切点为E，DE的最小值为（）", "choices": ["1", "√2", "√3", "2"], "lable": 2, "formal_point": ["等边三角形的性质", "切线的性质"], "answer": "连接AE、AD，过点A作AH⊥BC于H，如图，∵等边△ABC的边长为2，∴BH＝1，∴AH＝√{2²-1²}=√3，∵DE为切线，∴AE⊥DE，∴DE＝√{2AD²-AE²}＝√{AD²-1²}，当AD有最小值时，DE的值最小，而AD的最小值为√3，∴DE的最小值为√{√3²-1²}=√2．故选：B．", "comment": "本题考查了切线的性质：圆的切线垂直于经过切点的半径．也考查了等边三角形的性质．"}