{"id": 10375, "subject": "如图，AB为⊙O的直径，点C，D在⊙O上．若∠AOD＝30°，则∠BCD的度数是（）", "choices": ["100°", "105°", "110°", "120°"], "lable": 2, "formal_point": ["圆心角、弧、弦的关系", "圆周角定理"], "answer": "连接AC，∵AB为⊙O的直径，∴∠ACB＝90°，∵∠AOD＝30°，∴∠ACD＝15°，∴∠BCD＝∠ACB+∠ACD＝105°．故选：B．", "comment": "此题主要考查了圆周角定理：在同圆或等圆中，同弧或等弧所对的圆周角相等，都等于这条弧所对的圆心角的一半．"}