{"id": 10383, "subject": "如图，点I和O分别是△ABC的内心和外心，若∠AIB＝125°，则∠AOB的度数为（）", "choices": ["120°", "125°", "135°", "140°"], "lable": 4, "formal_point": ["三角形的外接圆与外心", "三角形的内切圆与内心"], "answer": "∵点O是△ABC的外心，∴∠AOB＝2∠C，∴∠C＝0.5×∠AOB，∵点I是△ABC的内心，∴∠IAB＝0.5×∠CAB，∠IBA＝0.5×∠CBA，∴∠AIB＝180°﹣（∠IAB+∠IBA）＝180°﹣0.5×（∠CAB+∠CBA），＝180°﹣0.5×（180°﹣∠C）＝90°+0.5×∠C，∴2∠AIB＝180°+∠C，∵∠AOB＝2∠C，∴∠AIB＝90°+0.5×∠AOB，∴4∠AIB﹣∠AOB＝360°．∵∠AIB＝125°，∴∠AOB＝140°．故选：D．", "comment": "本题考查了三角形的内接圆与内心，三角形的外接圆与外心，解决本题的关键是正确利用∠C表示∠AIB的度数．"}