{"id": 10382, "subject": "如图，AB是⊙O的直径，直线DA与⊙O相切于点A，DO交⊙O于点C，连接BC．若∠ABC＝21°，则∠D的度数为（）", "choices": ["46°", "47°", "48°", "49°"], "lable": 3, "formal_point": ["圆周角定理", "切线的性质"], "answer": "∵OB＝OC，∴∠ABC＝∠OCB＝21°，∴∠AOD＝42°，∵直线DA与⊙O相切于点A，∴∠OAD＝90°，∴∠D＝48°．故选：C．", "comment": "本题考查了切线的性质，圆周角的性质，直角三角形的性质，灵活运用这些性质，掌握切线的性质是解题的关键．"}