{"id": 10384, "subject": "如图，△ABC内接于⊙O，D是BC的中点，连接OD并延长交⊙O于点E，连接EC，若∠OEC＝65°，则∠A的大小是（）", "choices": ["50°", "55°", "60°", "65°"], "lable": 1, "formal_point": ["圆周角定理", "三角形的外接圆与外心"], "answer": "∵∠OEC＝65°，OE＝OC，∴∠EOC＝180°﹣2×65°＝50°，∵D是BC的中点，∴OE⊥BC，∴CE=BE，∴∠EOB＝50°，∴∠BOC＝100°，∴∠A＝50°．故选：A．", "comment": "本题考查的是三角形的外接圆与外心，掌握圆周角定理、垂径定理是解题的关键．"}