{"id": 10380, "subject": "如图，在⊙O的内接四边形ABDE中，AB是直径，∠E＝106°，过D点的切线DC与AB延长线交于点C，则∠C的度数为（）", "choices": ["58°", "32°", "74°", "48°"], "lable": 1, "formal_point": ["圆周角定理", "圆内接四边形的性质", "切线的性质"], "answer": "连接OD，∵四边形ABDE是⊙O的内接四边形，∠E＝106°，∴∠E+∠ABD＝180°，∴∠ABD＝74°，∵OB＝OD，∴∠ODB＝∠ABD＝74°，∵过D点的切线DC与AB延长线交于点C，∴∠ODC＝90°，∴∠BDC＝90°﹣74°＝16°，∵∠ABD＝∠C+∠BDC，∴∠C＝∠ABD﹣∠BDC＝74°﹣16°＝58°．故选：A．", "comment": "本题考查切线的性质、圆内接四边形，解题的关键是明确题意，找出所求问题需要的条件．"}