{"id": 10387, "subject": "如图，⊙O的弦AB垂直平分半径OC，AE为⊙O的切线，交OC的延长线于点E，则∠CAE的度数为（）", "choices": ["25°", "30°", "35°", "40°"], "lable": 2, "formal_point": ["线段垂直平分线的性质", "垂径定理", "圆周角定理", "切线的性质"], "answer": "连接OA，∵AB垂直平分半径OC，∴AO＝AC，∵OC＝OA，∴△OAC为等边三角形，∴∠AOC＝60°，∵AE是圆的切线，∴OA⊥AE，∴∠EAO＝90°，∴∠CAE＝∠OAE﹣∠OAC＝90°﹣60°＝30．故选：B．", "comment": "本题考查了切线的性质以及等边三角形的判定与性质的运用，熟记和圆有关的各种性质定理是解题的关键．"}