{"id": 10388, "subject": "如图，点A，B，C在⊙O上，∠ABC＝28°，过点C作⊙O的切线交OA的延长线于点D，则∠D＝（）", "choices": ["30°", "56°", "28°", "34°"], "lable": 4, "formal_point": ["圆周角定理", "切线的性质"], "answer": "∵CD与⊙O相切，∴OC⊥CD，∴∠OCD＝90°，由圆周角定理可知：∠COD＝2∠CBA＝56°，∴∠D＝90°﹣∠OCD＝90°﹣56°＝34°．故选：D．", "comment": "本题考查了切线的性质、圆周角定理、三角形内角和定理等知识；熟练掌握切线的性质和圆周角定理是解题的关键．"}