{"id": 10389, "subject": "如图，AB是⊙O的切线，点B为切点，连接AO并延长交⊙O于点C，连接BC．若∠A＝26°，则∠C的度数为（）", "choices": ["26°", "32°", "52°", "64°"], "lable": 2, "formal_point": ["圆周角定理", "切线的性质"], "answer": "连接OB，∵AB是⊙O的切线，∴OB⊥AB，∴∠ABO＝90°，∵∠A＝26°，∴∠AOB＝90°﹣26°＝64°，由圆周角定理得，∠C＝0.5×∠AOB＝32°．故选：B．", "comment": "本题考查的是切线的性质、圆周角定理，掌握圆的切线垂直于经过切点的半径是解题的关键．"}