{"id": 10386, "subject": "如图，△ABC内接于⊙O，点P是劣弧BC上的一点，连接PB、PC，若AB＝BC，AC为直径，则∠P的大小为（）", "choices": ["115", "125", "135", "145"], "lable": 3, "formal_point": ["圆周角定理", "三角形的外接圆与外心"], "answer": "∵AC为直径，∴∠ABC＝90°，又∵AB＝BC，∴∠A＝45°，∴∠P＝180°﹣45°＝135°．故选：C．", "comment": "本题考查了圆周角定理以及圆内接四边形的性质，正确证明△ABC是等腰直角三角形是关键．"}