{"id": 10381, "subject": "如图，AB是⊙O的直径，点E，C在⊙O上，点A是EC的中点，过点A画⊙O的切线，交BC的延长线于点D，连接EC．若∠ADB＝58.5°，则∠ACE的度数为（）", "choices": ["29.5°", "31.5°", "58.5°", "63°"], "lable": 2, "formal_point": ["圆周角定理", "切线的性质"], "answer": "∵AD是⊙O的切线，∴BA⊥AD，∵∠ADB＝58.5°，∴∠B＝90°﹣∠ADB＝31.5°，∵AB是⊙O的直径，∴∠ACB＝90°，∴∠BAC＝90°﹣∠B＝58.5°，∵点A是EC的中点，∴BA⊥EC，∴∠ACE＝90°﹣∠BAC＝31.5°．故选：B．", "comment": "本题考查的是切线的性质、圆周角定理、垂径定理，掌握圆的切线垂直于经过切点的半径是解题的关键．"}