{"id": 10385, "subject": "如图，在△ABC中，AB＝6，以点A为圆心，3为半径的圆与边BC相切于点D，与AC，AB分别交于点E和点G，点F是优弧GE上一点，∠CDE＝18°，则∠GFE的度数是（）", "choices": ["50°", "48°", "45°", "36°"], "lable": 2, "formal_point": ["圆周角定理", "切线的性质"], "answer": "连接AD，∵BC与⊙A相切于点D，∴AD⊥BC，∴∠ADB＝∠ADC＝90°，∵AB＝6，AG＝AD＝3，∴AD＝0.5×AB，∴∠B＝30°，∴∠GAD＝60°，∵∠CDE＝18°，∴∠ADE＝90°﹣18°＝72°，∵AD＝AE，∴∠AED＝∠ADE＝72°，∴∠DAE＝180°﹣∠ADE﹣∠AED＝180°﹣72°﹣72°＝36°，∴∠BAC＝∠BAD+∠CAD＝60°+36°＝96°，∴∠GFE＝0.5×∠GAE＝0.5×96°＝48°．故选：B．", "comment": "本题考查了切线的性质，直角三角形的性质，等腰三角形的性质，圆周角定理，正确的识别图形是解题的关键．"}