{"id": 10390, "subject": "如图，PA、PB分别与⊙O相切于A、B两点，点C为⊙O上一点，连接AC、BC，若∠C＝70°，则∠P的度数为（）", "choices": ["45°", "40°", "50°", "55°"], "lable": 2, "formal_point": ["圆周角定理", "切线的性质"], "answer": "连接OA、OB，∵PA、PB是⊙O切线，∴PA⊥OA，PB⊥OB，∴∠PAO＝∠PBO＝90°，∵∠P+∠PAO+∠AOB+∠PBO＝360°，∴∠P＝180°﹣∠AOB，∵∠ACB＝70°，∴∠AOB＝2∠ACB＝140°，∴∠P＝180°﹣140°＝40°．故选：B．", "comment": "此题考查了切线的性质、圆周角定理以及四边形内角和定理．准确作出辅助线是解此题的关键．"}