{"id": 10398, "subject": "已知△ABC内接于⊙O，连接AO并延长交BC于点D，若∠C＝50°，则∠BAD的度数是（）", "choices": ["40°", "45°", "50°", "55°"], "lable": 1, "formal_point": ["三角形的外接圆与外心"], "answer": "如图，连接OB，∵∠C＝50°，∴∠AOB＝2∠C＝100°，∵OA＝OB，∴∠OAB＝∠OBA＝40°，则∠BAD的度数是40°．故选：A．", "comment": "本题考查了三角形的外接圆与外心，解决本题的关键是掌握三角形的外接圆与外心性质．"}