{"id": 10395, "subject": "如图，AB是⊙O的直径，直线PA与⊙O相切于点A，PO交⊙O于点C，连接BC．若∠BCO＝α，则∠P的大小为（）", "choices": ["2α", "90°﹣2α", "45°﹣2α", "45°+2α"], "lable": 2, "formal_point": ["圆周角定理", "切线的性质"], "answer": "∵OC＝OB，∴∠OBC＝∠BCO＝α，∴∠AOP＝2∠OBC＝2α，∵PA是⊙O的切线，∴PA⊥AB，∴∠PAO＝90°，∴∠P＝90°﹣∠AOP＝90°﹣2α．故选：B．", "comment": "本题主要考查切线的性质及圆周角定理，根据圆周角定理可切线的性质分别求得∠AOP和∠PAO的度数是解题的关键．"}