{"id": 10391, "subject": "如图，△ABC内接于⊙O，∠ACB＝40°，AC＝BC，E为BC的中点，连接OE并延长交⊙O于点D，连接AD，则∠ADO的大小为（）", "choices": ["35°", "25°", "20°", "15°"], "lable": 4, "formal_point": ["圆心角、弧、弦的关系", "圆周角定理", "三角形的外接圆与外心"], "answer": "连接BD，CD，∵∠ACB＝40，∴∠CAB+∠CBA＝180°﹣∠ACB＝140°，∵AC＝BC，∴∠CAB＝∠CBA＝70°，∴∠BDC＝180°﹣∠CAB＝110°，∵E是边BC的中点，∴OD⊥BC，∴BD＝CD，∴∠BDE＝∠CDE＝0.5×∠BDC＝55°，∵∠BDA＝∠ACB＝40°，∴∠ADO＝∠BDE﹣∠BDA＝15°．故选：D．", "comment": "本题考查了三角形的外接圆与外心，圆内接四边形的性质，垂径定理，等腰三角形的性质，根据垂径定理和等腰三角形的性质证得∠BDE＝∠CDE是解决问题的关键．"}