{"id": 10392, "subject": "如图，△ABC是⊙O的内接三角形，AB＝AC．BO的延长线交AC于点D．若∠ABD＝23°．则∠A的度数为（）", "choices": ["23°", "32°", "46°", "60°"], "lable": 3, "formal_point": ["圆周角定理", "三角形的外接圆与外心"], "answer": "延长BD交⊙O于E，连接AE，则∠BAE＝90°，∵∠ABD＝23°，∴∠AEB＝90°﹣∠ABD＝67°，∴∠ACB＝∠AEB＝67°，∵AB＝AC，∴∠ABC＝∠ACB＝67°，∴∠BAC＝180°﹣∠ABC﹣∠ACB＝46°．故选：C．", "comment": "本题主要考查了三角形的外接圆与圆心，圆周角定理，等腰三角形的性质，三角形内角和定理，根据圆周角定理求出∠AEB是解决问题的关键．"}