{"id": 10396, "subject": "如图，AB是⊙O的直径，点C在AB的延长线上，CD与⊙O相切于点D，若∠CDA＝118°，则∠C的度数为（）", "choices": ["32°", "33°", "34°", "44°"], "lable": 3, "formal_point": ["圆周角定理", "切线的性质"], "answer": "如图，连接OD，∵CD与⊙O相切于点D，∴∠ODC＝90°，∵∠CDA＝118°，∴∠ODA＝∠CDA﹣∠ODC＝118°﹣90°＝28°，∵OD＝OA，∴∠OAD＝∠ODA＝28°，∴∠DOC＝2∠ODA＝56°，∴∠C＝90°﹣∠DOC＝34°．故选：C．", "comment": "本题考查了切线的性质，圆周角定理，解决本题的关键是掌握切线的性质．"}