{"id": 10393, "subject": "如图，线段AB是⊙O的直径，CD是⊙O的弦，过点C作⊙O的切线交AB的延长线于点E，∠E＝42°，则∠CDB等于（）", "choices": ["22°", "24°", "28°", "48°"], "lable": 2, "formal_point": ["圆周角定理", "切线的性质"], "answer": "连接OC，∵CE是⊙O的切线，∴∠OCE＝90°，∵∠E＝42°，∴∠COE＝90°﹣42°＝48°，∴∠CDB＝0.5×∠COE＝24°．故选：B．", "comment": "本题考查的是切线的性质，熟知圆的切线垂直于经过切点的半径是解答此题的关键．"}