{"id": 10399, "subject": "如图，△ABG内接于⊙O，连接AO并延长交BC于点D，若∠B＝70°，∠C＝50°，则∠ADB的度数是（）", "choices": ["70°", "80°", "82°", "84°"], "lable": 1, "formal_point": ["圆周角定理", "三角形的外接圆与外心"], "answer": "延长AD交⊙O于E，连接CE，则∠E＝∠B＝70°，∠ACE＝90°，∴∠CAE＝90°﹣70°＝20°，∵∠B＝70°，∠ACB＝50°，∴∠BAC＝180°﹣∠B﹣∠ACB＝60°，∴∠BAD＝∠BAC﹣∠CAE＝40°，∴∠ADB＝180°﹣70°﹣40°＝70°．故选：A．", "comment": "本题考查了三角形的外接圆与外心，圆周角定理，三角形的内角和，正确的作出辅助线是解题的关键．"}