{"id": 10394, "subject": "如图，△ABD是⊙O的内接三角形，作AD∥OC与⊙O相交于点C，且∠BOC＝110°，则∠ABD的大小为（）", "choices": ["20°", "30°", "40°", "50°"], "lable": 1, "formal_point": ["圆心角、弧、弦的关系", "圆周角定理", "三角形的外接圆与外心"], "answer": "∵∠BOC＝110°，∴∠AOC＝180°﹣∠BOC＝70°，∵AD∥OC，∴∠BAD＝∠AOC＝70°，∵OA＝OC，∴∠ODA＝∠BAD＝70°，∴∠AOD＝40°，由圆周角定理得，∠ABD＝0.5×∠AOD＝20°．故选：A．", "comment": "本题考查的是三角形的外接圆与外心，掌握圆周角定理、平行线的性质是解题的关键．"}