{"id": 10400, "subject": "如图，PA，PB分别与⊙O相切于A，B两点，∠P＝70°，则∠C的度数为（）", "choices": ["55°", "60°", "65°", "70°"], "lable": 1, "formal_point": ["圆周角定理", "切线的性质"], "answer": "连接OA、OB，∵直线PA、PB分别与⊙O相切于点A、B，∴OA⊥PA，OB⊥PB，∵∠P＝70°，∴∠AOB＝110°，∵C是⊙O上一点，∴∠ACB＝55°．故选：A．", "comment": "本题主要考查切线的性质、四边形的内角和、圆周角定理，关键在于熟练运用切线的性质，通过作辅助线构建四边形，最后通过圆周角定理即可推出结果．"}