{"id": 10408, "subject": "如图，⊙O是△ABC的外接圆，半径为3cm，若BC＝3cm，则∠A的度数为（）", "choices": ["15°", "25°", "30°", "10°"], "lable": 3, "formal_point": ["圆周角定理", "三角形的外接圆与外心"], "answer": "连接OB、OC，如图，∵OB＝OC＝BC＝3，∴△OBC为等边三角形，∴∠BOC＝60°，∴∠A＝0.5×∠BOC＝30°．故选：C．", "comment": "本题考查了三角形的外接圆与外心：三角形外接圆的圆心是三角形三条边垂直平分线的交点，叫做三角形的外心．也考查了圆周角定理．"}