{"id": 10405, "subject": "如图，PA、PB分别与O相切于A、B两点，点C为O上一点，连接AC、BC，若∠P＝50°，则∠ACB的度数为（）", "choices": ["115°", "130°", "65°", "75°"], "lable": 1, "formal_point": ["切线的性质"], "answer": "如图所示，连接OA，OB，在优弧AB上取点D，连接AD，BD，∵AP、BP是切线，∴∠OAP＝∠OBP＝90°，∴∠AOB＝360°﹣90°﹣90°﹣50°＝130°，∴∠ADB＝65°，又∵圆内接四边形的对角互补，∴∠ACB＝180°﹣∠ADB＝180°﹣65°＝115°．故选：A．", "comment": "本题考查了切线的性质、圆周角定理、圆内接四边形的性质．解题的关键是连接OA、OB，求出∠AOB．"}