{"id": 10406, "subject": "如图，AB为⊙O的切线，点A为切点，OB交⊙O于点C，点D在⊙O上，连接AD，CD，OA，若∠ADC＝28°，则∠ABO的大小（）", "choices": ["28°", "34°", "56°", "62°"], "lable": 2, "formal_point": ["圆周角定理", "切线的性质"], "answer": "∵AB为⊙O的切线，点A为切点，∴OA⊥AB，∴∠OAB＝90°，∵∠AOB＝2∠ADC＝2×28°＝56°，∴∠ABO＝90°﹣∠AOB＝90°﹣56°＝34°．故选：B．", "comment": "本题考查了切线的性质：圆的切线垂直于经过切点的半径．也考查了圆周角定理．"}