{"id": 10403, "subject": "如图，PA，PB是⊙O的切线，A，B为切点，AC是⊙O的直径，∠BAC＝25.5°，则∠P的度数为（）", "choices": ["52°", "51°", "61°", "64.5°"], "lable": 2, "formal_point": ["圆周角定理", "切线的性质"], "answer": "∵AC是⊙O的直径，PA是⊙O的切线，∴∠CAP＝90°，∴∠PAB＝∠CAP﹣∠BAC＝64.5°，∵PA，PB是⊙O的切线，∴PA＝PB，∴∠PBA＝∠PAB＝64.5°，∴∠P＝180°﹣64.5°﹣64.5°＝51°．故选：B．", "comment": "本题考查的是切线的性质、切线长定理的应用、圆周角定理，掌握圆的切线垂直于经过切点的半径是解题的关键．"}