{"id": 10407, "subject": "如图，⊙O是△ABC的外接圆，连接OB，若∠OBC＝30°，则∠A的度数为（）", "choices": ["55°", "60°", "65°", "70°"], "lable": 2, "formal_point": ["圆周角定理", "三角形的外接圆与外心"], "answer": "连接OA，OC，∵点O是△ABC的外心，∴OA＝OB＝OC，∴∠OAB＝∠OBA，∠OBC＝∠OCB，∠OAC＝∠OCA，∵∠OBC＝30°，∴∠OCB＝30°，∴∠BAC＝0.5×（180°﹣30°﹣30°）＝60°．故选：B．", "comment": "本题考查了三角形的外接圆与外心，三角形的内角和，等腰三角形的性质，正确的作出辅助线是解题的关键．"}