{"id": 10402, "subject": "如图，AB是⊙O的直径，MN是⊙O的切线，切点为N，如果∠MNB＝52°，则∠NOA的度数为（）", "choices": ["52°", "56°", "54°", "76°"], "lable": 4, "formal_point": ["圆周角定理", "切线的性质"], "answer": "∵MN是⊙O的切线，∴ON⊥NM，∴∠ONM＝90°，∴∠ONB＝90°﹣∠MNB＝90°﹣52°＝38°，∵ON＝OB，∴∠B＝∠ONB＝38°，∴∠NOA＝2∠B＝76°．故选：D．", "comment": "本题考查了切线的性质：圆的切线垂直于经过切点的半径．也考查了圆周角定理．"}