{"id": 10401, "subject": "如图，AB是⊙O的直径，AD是⊙O切线，BD交⊙O于点C，∠CAD＝50°，则∠B＝（）", "choices": ["30°", "40°", "50°", "60°"], "lable": 3, "formal_point": ["圆周角定理", "切线的性质"], "answer": "∵AB是⊙O的直径，∴∠ACB＝90°，∴∠CAB+∠B＝90°，∵AD是⊙O切线，∴DA⊥AB，∴∠DAB＝∠DAC+∠CAB＝90°，∴∠CAD＝∠B＝50°．故选：C．", "comment": "本题考查了切线的性质，圆周角定理，熟练掌握切线的性质是解题的关键．"}