{"id": 10409, "subject": "如图，点A，B均在⊙O上，直线PC与⊙O相切于点C，若∠CAP＝35°，则∠APC的大小是（）", "choices": ["20°", "25°", "30°", "35°"], "lable": 1, "formal_point": ["圆周角定理", "切线的性质"], "answer": "连接OC，∵PC与⊙O相切于点C，∴∠OCP＝90°，∵∠CAP＝35°，∵OA＝OC，∴∠A＝∠ACO＝35°，∴∠POC＝2∠A＝70°，∴∠APC＝20°．故选：A．", "comment": "本题考查的是切线的性质，等腰三角形的性质，熟练掌握切线的性质是解题的关键．"}