{"id": 10404, "subject": "如图，△ABC中，AB＝AC，∠ABC＝70°，点O是△ABC的内心，则∠BOC的度数为（）", "choices": ["120°", "110°", "115°", "130°"], "lable": 2, "formal_point": ["等腰三角形的性质", "三角形的内切圆与内心"], "answer": "∵AB＝AC，∠ABC＝70°，∵点O是△ABC的内心，∴∠OBC＝0.5×∠ABC＝35°，∠OCB＝0.5×∠ACB＝35°，∴∠OBC+∠OCB＝70°，∴∠BOC＝180°﹣（∠OBC+∠OCB）＝110°．故选：B．", "comment": "此题主要考查了三角形的内切圆与内心，正确理解∠OBC＝0.5×∠ABC＝35°，∠OCB＝0.5×∠ACB＝35°是关键．"}