{"id": 10417, "subject": "如图，已知AC是⊙O的直径，△ABC内接于⊙O，AB＝BC，∠DBC＝32°，则∠BCD＝（）", "choices": ["113°", "103°", "45°", "58°"], "lable": 2, "formal_point": ["圆心角、弧、弦的关系", "圆周角定理", "三角形的外接圆与外心"], "answer": "∵AC是⊙O的直径，∴∠ABC＝90°，∵AB＝BC，∴∠ACB＝∠BAC＝45°，∴∠BDC＝45°，∵∠DBC＝32°，∴∠BCD＝180°﹣∠BDC﹣∠DBC＝180°﹣45°﹣32°＝103°．故选：B．", "comment": "本题考查的是圆周角定理，等腰直角三角形的性质，三角形内角和定理，熟练掌握圆周角定理是解题的关键．"}