{"id": 10410, "subject": "如图PA、PB是⊙O的切线，切点分别为A、B，点C在AB上，过C作⊙O的切线分别交PA、PB于点D、E，连接OD、OE，若∠P＝50°，则∠DOE的度数为（）", "choices": ["130°", "50°", "60°", "65°"], "lable": 4, "formal_point": ["切线的性质"], "answer": "如图，连接OA、OB、OC，∵PA、PB是⊙O的切线，A、B为切点，∴OA⊥PA，OB⊥PB，∴∠OAP＝∠OBP＝90°，∵∠P＝50°，∴∠AOB＝360°﹣90°﹣90°﹣50°＝130°，∵DE切⊙O于C，∴OC⊥DE，∴∠DCO＝∠ECO＝90°，∵PA、PB、DE是⊙O的切线，切点是A、B、C，∴∠AEO＝∠CEO，∠CDO＝∠BDO，∵∠AOE＝180°﹣∠OAE﹣∠AEO，∠COE＝180°﹣∠OCE﹣∠CEO，∴∠AOE＝∠COE，同理可证：∠COD＝∠BOD，∴∠DOE＝∠DOC+∠EOC＝0.5×∠AOB＝0.5×130°＝65°．故选：D．", "comment": "本题考查了切线的性质，切线长定理，三角形的内角和定理等知识点的应用，熟练掌握切线的性质是解题的关键．"}