{"id": 10413, "subject": "如图，PA是⊙O的切线，切点为A，PO的延长线交⊙O于点B，若∠P＝38°，则∠B的度数为（）", "choices": ["22°", "24°", "26°", "28°"], "lable": 3, "formal_point": ["圆周角定理", "切线的性质"], "answer": "连接OA，如图，∵PA是⊙O的切线，∴OA⊥AP，∴∠PAO＝90°，∵∠P＝38°，∴∠AOP＝52°，∵OA＝OB，∴∠B＝∠OAB，∵∠AOP＝∠B+∠OAB，∴∠B＝0.5×∠AOP＝0.5×52°＝26°．故选：C．", "comment": "本题考查了切线的性质：圆的切线垂直于经过切点的半径．若出现圆的切线，必连过切点的半径，构造定理图，得出垂直关系．"}