{"id": 10412, "subject": "如图是△ABC的内心，过I的直线EF∥BC与AB、AC分别交于点E、F．若∠A＝70°，那么∠BIC的度数为（）", "choices": ["100°", "110°", "125°", "135°"], "lable": 3, "formal_point": ["平行线的性质", "圆周角定理", "三角形的内切圆与内心"], "answer": "∵I为△ABC的内心，∴IB平分∠ABC，IC平分∠ACB，∴∠IBC＝0.5×∠ABC，∠ICB＝0.5×∠ACB，∴∠IBC+∠ICB＝0.5×（∠ABC+∠ACB），∵∠ABC+∠ACB＝180°﹣∠A＝180°﹣70°＝110°，∴∠IBC+∠ICB＝0.5×110°＝55°，∴∠BIC＝180°﹣（∠IBC+∠ICB）＝180°﹣55°＝125°．故选：C．", "comment": "本题考查了三角形的内切圆与内心：三角形的内心就是三角形三个内角角平分线的交点．也考查了三角形内角和．"}