{"id": 10416, "subject": "如图，AB为⊙O的切线，AC为弦，连接CB交⊙O于点D，若CB经过圆心O，∠ACB＝28°，则∠B的度数为（）", "choices": ["33°", "34°", "56°", "28°"], "lable": 2, "formal_point": ["圆周角定理", "切线的性质"], "answer": "如图，连接OA，∵∠ACB＝28°，∴∠AOB＝2∠ACB＝56°．又∵AB为⊙O的切线，OA是半径，∴OA⊥AB，即∠OAB＝90°．∴∠B＝90°﹣∠AOB＝34°．故选：B．", "comment": "本题主要考查了切线的性质，圆周角定理，由定理可知，若出现圆的切线，必连过切点的半径，构造定理图，得出垂直关系．简记作：见切点，连半径，见垂直．"}