{"id": 10419, "subject": "如图，已知△ABC是圆O的内接三角形，AB＝AC，∠ACB＝65°，点C是弧BD的中点，连接CD，则∠ACD的度数是（）", "choices": ["12°", "15°", "18°", "20°"], "lable": 2, "formal_point": ["等腰三角形的性质", "圆心角、弧、弦的关系", "三角形的外接圆与外心"], "answer": "如图，连接AO，BO，CO，DO，∵AB＝AC，∠ACB＝65°，∴∠ABC＝∠ACB＝65°，∴∠BAC＝50°，∴∠AOC＝2∠ABC＝130°，∠BOC＝2∠BAC＝100°，∵点C是弧BD的中点，∴BC=CD，∴∠BOC＝∠COD＝100°，∴∠AOD＝30°，∵∠AOC＝2∠ACD，∴∠ACD＝15°．故选：B．", "comment": "本题考查了三角形的外接圆与外心，等腰三角形的性质等知识，灵活运用这些性质进行推理是本题的关键．"}