{"id": 10411, "subject": "如图，PA、PB分别与⊙O相切于A、B两点，点C为⊙O上一点，连接AC、BC，若∠P＝78°，则∠ACB的度数为（）", "choices": ["102°", "51°", "41°", "39°"], "lable": 2, "formal_point": ["圆周角定理", "切线的性质"], "answer": "连接OA、OB，∵PA、PB分别与⊙O相切于A、B两点，∴OA⊥PA，OB⊥PB，∴∠OAP＝∠OBP＝90°，∴∠AOB＝180°﹣∠P＝180°﹣78°＝102°，∴∠ACB＝0.5×∠AOB＝0.5×102°＝51°．故选：B．", "comment": "本题考查了切线的性质：圆的切线垂直于经过切点的半径，也考查了圆周角定理，正确作出辅助线是解决问题的关键．"}