{"id": 10415, "subject": "如图，△ABC中，∠A＝80°，点O是△ABC的内心，则∠BOC的度数为（）", "choices": ["100°", "160°", "80°", "130°"], "lable": 4, "formal_point": ["三角形的内切圆与内心"], "answer": "∵∠A＝80°，∴∠ABC+∠ACB＝180°﹣∠A＝100°，∵点O是△ABC的内心，∴∠OBC+∠OCB＝0.5×（∠ABC+∠ACB）＝50°，∴∠BOC＝180°﹣50°＝130°．故选：D．", "comment": "本题考查了三角形的内切圆与内心，三角形内角和定理，圆周角定理的应用，主要考查学生运用定理进行推理和计算的能力．"}