{"id": 10418, "subject": "如图，△ABC为圆O的内接三角形，AB为圆O的直径，点D在圆O上，∠BAC＝35°，则∠ADC的度数为（）", "choices": ["45°", "50°", "55°", "65°"], "lable": 3, "formal_point": ["圆周角定理", "三角形的外接圆与外心"], "answer": "∵AB是⊙O的直径，∴∠ACB＝90°，∵∠BAC＝35°，∴∠B＝90°﹣35°＝55°，∴∠ADC＝∠B＝55°．故选：C．", "comment": "此题主要考查了三角形的外接圆、圆周角定理以及直角三角形的性质；熟练掌握圆周角定理是解题的关键．"}