{"id": 10414, "subject": "如图所示，△ABC的内切圆⊙O与AB、BC、AC分别相切于点D、E、F，若∠DEF＝55°，则∠A的度数是（）", "choices": ["35°", "55°", "70°", "125°"], "lable": 3, "formal_point": ["圆周角定理", "切线的性质", "三角形的内切圆与内心"], "answer": "连接OD，OF，OA，如下图所示，∵△ABC的内切圆⊙O与AB、BC、AC分别相切于点D、E、F，∵∠DEF＝55°，∴∠DOF＝2∠DEF＝2×55°＝110°（圆心角是圆周角的2倍），∵在三角形AOD与三角形AOF中，∵∠A+∠ADO+∠AFO+∠DOF＝360°，∵AD，AF是圆的切线，∴∠ADO＝∠AFO＝90°，∴∠A＝360°﹣90°﹣90°﹣110°＝70°．故选：C．", "comment": "本题考查了三角形的内切圆与圆心和圆周角定理，解题关键根据圆周角求出圆心角∠DOF即可得出答案．"}