{"id": 10428, "subject": "如图，一束光线与水平面成60°的角度照射地面，现在地面AB上支放一个平面镜CD，使这束光线经过平面镜反射后成水平光线射出（∠1＝∠2），则平面镜CD与地面AB所成角∠DCA的度数等于（）", "choices": ["30°", "45°", "50°", "60°"], "lable": 1, "formal_point": ["平行线的性质"], "answer": "如图，由题意可知，∠ANM＝60°，OH∥AB，∴∠1＝∠DCA，∠3+∠DCA＝∠ANM＝60°，∵∠2＝∠3，∠1＝∠2，∴2∠DCA＝60°，∴∠DCA＝30°．故选：A．", "comment": "此题考查了平行线的性质，熟练掌握“两直线平行，内错角相等”是解题的关键．"}