{"id": 10424, "subject": "将一张矩形纸片折叠成如图所示的图形，若∠CAB＝40°，则∠ACB的度数是（）", "choices": ["40°", "50°", "60°", "70°"], "lable": 4, "formal_point": ["平行线的性质"], "answer": "如图所示∵将一张矩形纸片折叠成如图所示的图形，∴ED∥FA，∠EBC＝∠CBA，∴∠ABD＝∠CAB＝40°，∴∠EBC＝∠CBA＝\\frac{180°-40°}{2}＝70°，∵ED∥FA，∴∠ACB＝∠EBC＝70°．故选：D．", "comment": "本题考查了翻折变换的性质，平行线的性质，熟记各性质是解题的关键．"}