{"id": 10427, "subject": "如图，小强把一块含有30°角的直角三角板的两个顶点放在直尺（直尺的对边互相平行）的对边上，并测得∠1＝55°，则∠2的度数是（）", "choices": ["55°", "45°", "35°", "25°"], "lable": 4, "formal_point": ["平行线的性质"], "answer": "如图，根据题意可知：∠ABC＝90°﹣30°＝60°，∠ACB＝90°，∴∠3＝180°﹣90°﹣∠1＝35°，∵直尺的对边互相平行，∴∠4＝∠3＝35°，∴∠2＝∠ABC﹣∠4＝60°﹣35°＝25°．故选：D．", "comment": "本题考查了平行线的性质，解决本题的关键是利用平行线的性质求出∠4＝∠3＝35°．"}