{"id": 10420, "subject": "如图，AB∥CD，AC与BD相交于点O，若∠A＝25°，∠D＝45°，则∠AOB的大小为（）", "choices": ["90°", "110°", "120°", "135°"], "lable": 2, "formal_point": ["平行线的性质", "三角形内角和定理"], "answer": "∵AB∥CD，∴∠B＝∠D＝45°．∵∠A+∠AOB+∠B＝180°，∴∠AOB＝180°﹣25°﹣45°＝110°．故选：B．", "comment": "本题考查了平行线的性质及三角形的内角和定理，根据平行线的性质得出∠B＝∠D＝45°是解题的关键，属于基础题型，比较简单．"}