{"id": 10426, "subject": "如图，已知长方形纸片ABCD，点E，H在AD边上，点F，G在BC边上，分别沿EF，GH折叠，使点B和点C都落在点P处，若∠EFB+∠HGC＝116°，则∠IPK的度数为（）", "choices": ["129°", "128°", "127°", "126°"], "lable": 2, "formal_point": ["平行线的性质"], "answer": "∵四边形ABCD是长方形，∴∠B＝∠C＝90°，由折叠可知：∠IPF＝∠B＝90°，∠KPG＝∠C＝90°，EF，GH分别是∠BFP和∠CGP的角平分线，∴∠PFE＝∠BFE，∠PGH＝∠CGH，∴∠PFE+∠PGH＝∠BFE+∠CGH＝116°，∴∠BFP+∠CGP＝2（∠BFE+∠CGH）＝232°，∴∠PFG+∠PGF＝360°﹣（∠BFP+∠CGP）＝360°﹣232°＝128°，∴∠FPG＝180°﹣（∠PFG+∠PGF）＝180°﹣128°＝52°，∴∠IPK＝360°﹣∠IPF﹣∠KPG﹣∠FPG＝360°﹣90°﹣90°﹣52°＝128°．故选：B．", "comment": "本题考查了平行线的性质，折叠的性质，解决本题的关键是掌握平行线的性质和折叠的性质．"}