{"id": 10422, "subject": "如图，将一个长方形纸片按图示折叠，若∠1＝40°，则∠2的度数是（）", "choices": ["40°", "50°", "60°", "70°"], "lable": 4, "formal_point": ["平行线的性质"], "answer": "如图，根据题意得，∠3＝∠1＝40°，由折叠的性质得，∠3+2∠2＝180°，∴∠2＝0.5×（180°﹣∠3）＝0.5×140°＝70°．故选：D．", "comment": "此题考查了平行线的性质，熟记两直线平行，同位角相等是解题的基础．"}