{"id": 10429, "subject": "如图，△ABC中，∠ACB＝90°，且∠B＝60°，CD∥AB，则∠1等于（）", "choices": ["30°", "40°", "50°", "60°"], "lable": 1, "formal_point": ["平行线的性质", "三角形内角和定理"], "answer": "∵AB∥CD，∠B＝60°∴∠B＝∠BCD＝60°．又∵∠ACB＝90°，∴∠ECB＝180°﹣∠ACB＝90°．∴∠1＝∠ECB﹣∠BCD＝90°﹣60°＝30°．故选：A．", "comment": "本题主要考查平行线的性质，关键是利用两直线平行内错角相等这一性质解决问题．"}