{"id": 10436, "subject": "一把直尺和一块直角三角尺（含30°、60°角）如图所示摆放，直尺的一边与三角尺的两直角边BC、AC分别交于点D、点E，直尺的另一边过A点且与三角尺的直角边BC交于点F，若∠CAF＝42°，则∠CDE度数为（）", "choices": ["62°", "48°", "58°", "72°"], "lable": 2, "formal_point": ["平行线的性质", "三角形内角和定理"], "answer": "∵DE∥AF，∠CAF＝42°，∴∠CED＝∠CAF＝42°，∵∠DCE＝90°，∠CDE+∠CED+∠DCE＝180°，∴∠CDE＝180°﹣∠CED﹣∠DCE＝180°﹣42°﹣90°＝48°．故选：B．", "comment": "本题主要考查了平行线的性质以及三角形内角和等于180°，熟练掌握平行线的性质：两直线平行，同位角相等是解决问题的关键．"}