{"id": 10431, "subject": "把一把直尺和一块三角板ABC含30度，60度，按如图所示摆放，直尺一边与三角板的两直角边分别交于点D和E，另一边与三角板的两直角边分别交于点F和A，∠CED＝50°，则∠CFA的大小为（）", "choices": ["40°", "50°", "60°", "70°"], "lable": 1, "formal_point": ["平行线的性质"], "answer": "∵DE∥FA，∠CED＝50°，∴∠CAF＝∠CED＝50°，∵∠C＝90°，∠C+∠CFA+∠CAF＝180°，∴∠CFA＝180°﹣∠CAF﹣∠C＝180°﹣50°﹣90°＝40°．故选：A．", "comment": "本题考查了平行线的性质．熟练掌握：两直线平行，同位角相等是解决问题的关键．"}