{"id": 10434, "subject": "如图，直线AB∥CD，直线EF分别交AB、CD于E、F两点，EG平分∠AEF，若∠1＝35°，则∠2的等于（）", "choices": ["35°", "55°", "68°", "70°"], "lable": 4, "formal_point": ["平行线的性质"], "answer": "∵AB∥CD，∴∠1＝∠AEG．∵EG平分∠AEF，∴∠AEF＝2∠AEG，∴∠AEF＝2∠1＝70°．∵AB∥CD，∴∠2＝∠AEF＝70°．故选：D．", "comment": "本题考查了平行线的性质，解答此类题关键是在复杂图形之中辨认出应用性质的基本图形，从而利用性质和已知条件计算．"}