{"id": 10432, "subject": "如图，AB∥CD，BC平分∠ABD，若∠1＝65°，则∠2的度数是（）", "choices": ["65°", "60°", "55°", "50°"], "lable": 4, "formal_point": ["平行线的性质"], "answer": "∵AB∥CD，∠1＝65°，∴∠ABC＝∠1＝65°，∠ABD+∠BDC＝180°，∵BC平分∠ABD，∴∠ABD＝2∠ABC＝130°，∴∠BDC＝180°﹣∠ABD＝50°，∴∠2＝∠BDC＝50°．故选：D．", "comment": "本题考查了平行线的性质和角平分线定义等知识点，解此题的关键是求出∠ABD的度数，题目较好，难度不大．"}