{"id": 10438, "subject": "如图，直线l1∥l2，直线l3交l1于点A，交l2于点B，过点B的直线l4交l1于点C．若∠3＝50°，∠1+∠2+∠3＝240°，则∠4等于（）", "choices": ["80°", "70°", "60°", "50°"], "lable": 2, "formal_point": ["平行线的性质"], "answer": "如图，∵l1∥l2，∴∠1+∠3＝180°，∵∠1+∠2+∠3＝240°，∴∠2＝240°﹣（∠1+∠3）＝60°，∵∠3+∠2+∠5＝180°，∠3＝50°，∴∠5＝180°﹣∠2﹣∠3＝70°，∵l1∥l2，∴∠4＝∠5＝70°．故选：B．", "comment": "此题考查了平行线的性质，熟记平行线的性质定理及平角的定义是解题的关键．需要注意的是，在有平行线的前提下，若要计算或求证的角与已知角不是两平行线被三条直线所截得的角，那么就需要借助一个中间量，将两者联系起来．本题就是先求的∠4的同位角，进而求出∠4的．"}