{"id": 10439, "subject": "如图，在△ABC中，∠B＝50°，∠C＝70°，直线DE经过点A，∠DAB＝50°，则∠EAC的度数是（）", "choices": ["40°", "50°", "60°", "70°"], "lable": 4, "formal_point": ["平行线的性质", "三角形内角和定理", "三角形的外角性质"], "answer": "方法一：∵∠B＝50°，∠C＝70°，∴∠BAC＝180°﹣∠B﹣∠C＝180°﹣50°﹣70°＝60°，∵∠DAB＝50°，∠DAB+∠BAC+∠EAC＝180°，∴∠EAC＝180°﹣∠DAB﹣∠BAC＝180°﹣50°﹣60°＝70°．故选：D．", "comment": "本题考查三角形内角和、平角的定义、平行线的性质，解答本题的关键是求出∠BAC的度数，利用数形结合的思想解答．"}