{"id": 10435, "subject": "如图，点D为∠EAB内一点，CD∥AB，DF∥AE，DH⊥AB交AB于点H，若∠A＝40°，则∠FDH的度数为（）", "choices": ["180°", "130°", "135°", "140°"], "lable": 2, "formal_point": ["垂线", "平行线的性质"], "answer": "如图，∵CD∥AB，∠A＝40°，∴∠1＝∠A＝40°，∵DF∥AE，∴∠1+∠CDF＝180°，∴∠CDF＝180°﹣∠1＝140°，∵DH⊥AB，CD∥AB，∴DH⊥CD，∴∠CDH＝90°，∴∠HDF＝360°﹣∠CDF﹣∠CDH＝130°．故选：B．", "comment": "考查了平行线的性质，熟记平行线的性质及求出∠CDF的度数是解题的关键．"}