{"id": 10430, "subject": "一副三角板如图放置，两三角板的斜边互相平行，每个三角板的直角顶点都在另一个三角板的斜边上，图中∠α的度数为（）", "choices": ["45°", "60°", "75°", "85°"], "lable": 3, "formal_point": ["平行线的性质", "三角形的外角性质"], "answer": "如图，∵EF∥BC，∴∠FDC＝∠F＝30°，∴∠α＝∠FDC+∠C＝30°+45°＝75°．故选：C．", "comment": "此题考查平行线的性质，关键是根据EF∥BC得出∠FDC的度数和三角形外角性质分析．"}