{"id": 10440, "subject": "直线AB、BC、CD、EG如图所示，∠1＝∠2＝80°，∠3＝40°，则下列结论错误的是（）", "choices": ["AB∥CD", "∠EFB＝40°", "∠FCG+∠3＝∠2", "EF＞BE"], "lable": 4, "formal_point": ["平行线的判定", "三角形的外角性质"], "answer": "∵∠1＝∠2＝80°，∴AB∥CD，故A正确，不符合题意；∵∠3＝40°，∴∠EFB＝∠3＝40°，∵∠1＝∠EBF+∠EFB，∴∠EBF＝40°＝∠EFB，∴EF＝BE，故B正确，不符合题意；故D错误，符合题意；∵∠2是△FCG的外角，∴∠FCG+∠3＝∠2，故C正确，不符合题意；．故选：D．", "comment": "此题考查了平行线的判定，熟记平行线的判定定理及三角形的外角定理是解题的关键．"}