{"id": 10445, "subject": "将一块含30°的直角三角尺ABC按如图所示的方式放置，其中点A，C分别落在直线a，b上，若a∥b，∠1＝40°，则∠2的度数为（）", "choices": ["40°", "30°", "20°", "10°"], "lable": 3, "formal_point": ["平行线的性质"], "answer": "如图，过点B作BD∥a，∴∠ABD＝∠1，∵∠1＝40°，∴∠ABD＝40°，∵a∥b，∴BD∥b，∴∠2＝∠DBC，∵∠CAB＝30°，∠ACB＝90°，∴∠2＝∠DBC＝∠ABC﹣∠ABD＝60°﹣40°＝20°．故选：C．", "comment": "本题考查了平行线的性质，解决本题的关键是掌握平行线的性质．"}