{"id": 10444, "subject": "如图，在△ABC中，点D为BC延长线上一点，点E为AC上任意一点，过点E作EF∥BC交AB于点F，若∠ACD＝50°，∠BAC＝15°，则∠AFE的度数为（）", "choices": ["15°", "25°", "35°", "45°"], "lable": 3, "formal_point": ["平行线的性质", "三角形的外角性质"], "answer": "∵EF∥BC，点D为BC延长线上一点，∴∠FEC＝∠ACD，∵∠ACD＝50°，∴∠FEC＝50°，∵∠FEC＝∠BAC+∠AFE，∠BAC＝15°，∴∠AFE＝∠FEC﹣∠BAC＝50°﹣15°＝35°．故选：C．", "comment": "此题考查了平行线的性质，熟记平行线的性质定理及三角形的外角定理是解题的关键．"}