{"id": 10441, "subject": "如图，AB∥CD，∠B＝75°，∠D＝35°，则∠E的度数为（）", "choices": ["75°", "35°", "110°", "40°"], "lable": 4, "formal_point": ["平行线的性质"], "answer": "过E作EF∥AB，∵AB∥CD，∴EF∥AB∥CD，∴∠B+∠BEF＝180°，∠D+∠DEF＝180°，∵∠B＝75°，∠D＝35°，∴∠BEF＝180°﹣∠B＝180°﹣75°＝105°，∠DEF＝180°﹣∠D＝180°﹣35°＝145°，∴∠BED＝∠DEF﹣∠BEF＝145°﹣105°＝40°．故选：D．", "comment": "本题主要考查了平行线的性质，正确作出辅助线且熟记两直线平行，同旁内角互补是解决问题的关键．"}