{"id": 10447, "subject": "一把直尺与一块三角板如图放置，若∠1＝47°，则∠2的度数为（）", "choices": ["43°", "47°", "133°", "137°"], "lable": 4, "formal_point": ["平行线的性质", "直角三角形的性质"], "answer": "如图，∵∠1＝47°，∴∠4＝∠1+90°＝47°+90°＝137°，∵直尺的两边互相平行，∴∠2＝∠4＝137°．故选：D．", "comment": "本题考查了平行线的性质，三角形外角定理，准确识图是解题的关键．"}