{"id": 10448, "subject": "如图，AB∥CD，点E、F在AC边上，已知∠CED＝70°，∠BFC＝130°，则∠B+∠D的度数为（）", "choices": ["40°", "50°", "60°", "70°"], "lable": 3, "formal_point": ["平行线的性质", "三角形内角和定理"], "answer": "∵∠BFC＝130°，∴∠BFA＝50°，又∵AB∥CD，∴∠A+∠C＝180°，∵∠B+∠A+∠BFA+∠D+∠C+∠CED＝360°，∴∠B+∠D＝60°．故选：C．", "comment": "本题主要考查平行线的性质和三角形的内角和，这两个知识点中考基本都是放在一起考的，平行线的性质与判定要熟记于心．"}