{"id": 10446, "subject": "如图，AB∥CD，EF⊥AB于点E，EF交CD于点F，EM交CD于点M，已知∠1＝55°，则∠2＝（）", "choices": ["55°", "35°", "125°", "45°"], "lable": 2, "formal_point": ["垂线", "平行线的性质"], "answer": "如图所示∵AB∥CD，∠1＝55°，∴∠3＝∠1＝55°，∵EF⊥AB，∴∠AEF＝∠3+∠2＝90°，∴∠2＝90°﹣∠3＝90°﹣55°＝35°．故选：B．", "comment": "此题考查了平行线的性质，熟记平行线的性质定理是解题的关键．"}