{"id": 10449, "subject": "如图所示，将含有30°角的三角尺（∠A＝30°）的直角顶点放在相互平行的两条直线其中一条上，若∠1＝40°．则∠2的度数（）", "choices": ["20°", "26°", "30", "36°"], "lable": 1, "formal_point": ["平行线的性质"], "answer": "如图，延长BC与直线MN相交于点D，∵MN∥BE，∠1＝40°，∴∠1＝∠MDC＝40°，∵∠A＝30°，∠ABC＝90°，∴∠ACB＝90°﹣30°＝60°，∵∠ACB＝∠2+∠MDC，∴∠2＝∠ACB﹣∠MDC＝60°﹣40°＝20°．故选：A．", "comment": "本题考查了平行线的性质，熟记平行线的性质并作出辅助线利用性质是解题的关键．"}