{"id": 10443, "subject": "如图，AB∥CD，EF⊥CD于点F，若∠BEF＝150°，则∠ABE＝（）", "choices": ["30°", "40°", "50°", "60°"], "lable": 4, "formal_point": ["垂线", "平行线的性质"], "answer": "如图，过点E作GE∥AB，∵AB∥CD，∴GE∥CD，∴∠GEF+∠EFD＝180°，∵EF⊥CD，∴∠EFD＝90°，∴∠GEF＝180°﹣∠EFD＝90°，∵∠BEF＝∠BEG+∠GEF＝150°，∴∠BEG＝∠BEF﹣∠GEF＝60°，∵GE∥AB，∴∠ABE＝∠BEG＝60°．故选：D．", "comment": "本题考查了平行线的性质．熟记平行线的性质定理及作出合理的辅助线是解决问题的关键．"}