{"id": 10453, "subject": "如图，直线l∥m，等边△ABC的顶点B在直线m上，边BC与直线m所夹锐角为18°，则∠α的度数为（）", "choices": ["60°", "42°", "36°", "30°"], "lable": 2, "formal_point": ["平行线的性质", "等边三角形的性质"], "answer": "∵△ABC是等边三角形，∴∠A＝∠ABC＝60°．∵l∥m，∴∠1＝∠ABC+18°＝78°．∴∠α＝180°﹣∠A﹣∠1＝180°﹣60°﹣78°＝42°．故选：B．", "comment": "本题考查了平行线的性质、等边三角形的性质等知识点，掌握“等边三角形的每个内角都是60°”、“三角形的内角和是180°”及平行线的性质是解决本题的关键．另解决本题亦可过点C作直线l的平行线，利用平行线的性质求解．"}