{"id": 10454, "subject": "如图，在△ABC中，∠A＝60°，AD＝DC＝DB，则∠B的度数是（）", "choices": ["30°", "35°", "25°", "40°"], "lable": 1, "formal_point": ["线段垂直平分线的性质", "等腰三角形的性质"], "answer": "∵∠A＝60°，AD＝DC，∴△ADC是等边三角形，∴∠ADC＝60°，∵DC＝DB，∴∠B＝0.5×∠ADC=0.5×60°=30°．故选：A．", "comment": "此题主要考查了等边三角形的判定，等腰三角形的性质，熟练性质定理是解题关键．"}