{"id": 10458, "subject": "如图，直线a、b分别经过等边三角形ABC的顶点A、C，且a∥b，∠1＝42°，则∠2的度数为（）", "choices": ["18°", "42°", "60°", "102°"], "lable": 4, "formal_point": ["平行线的性质", "等边三角形的性质"], "answer": "∵a∥b，∠1＝42°，∴∠1+∠BAC＝∠2，∵△ABC是等边三角形，∴∠BAC＝60°，∴∠2＝42°+60°＝102°．故选：D．", "comment": "本题考查了等边三角形的性质，平行线的性质，熟练掌握等边三角形的性质，平行线的性质是解题的关键．"}