{"id": 10451, "subject": "如图，直线a∥b，Rt△ABC的直角顶点C在直线b上，∠1＝20°，则∠2的度数为（）", "choices": ["40o", "50o", "60o", "70o"], "lable": 4, "formal_point": ["平行线的性质"], "answer": "∵∠1＝20°，∠ACB＝90°，∴∠3＝180°﹣∠ACB﹣∠1＝180°﹣90°﹣∠1＝70°，∵直线a∥b，∴∠2＝∠3＝70°．故选：D．", "comment": "本题考查了平行线的性质，平角的定义，熟记性质并准确识图是解题的关键．"}