{"id": 10452, "subject": "如图，AB∥CD∥EF，若∠ABC＝130°，∠BCE＝55°，则∠CEF的度数为（）", "choices": ["95°", "105°", "110°", "115°"], "lable": 2, "formal_point": ["平行线的性质"], "answer": "∵AB∥CD∥EF，∠ABC＝130°，∴∠BCD＝∠ABC＝130°，∵∠BCE＝55°，∴∠DCE＝∠BCD﹣∠BCE＝130°﹣55°＝75°，∴∠CEF＝180°﹣∠DCE＝180°﹣75°＝105°．故选：B．", "comment": "本题主要考查了平行线的性质定理，熟练运用性质定理是解答此题的关键．"}