{"id": 10459, "subject": "如图，在△ABC中，AB＝AC，D是AB垂直平分线上一点，∠ADC＝80°，则∠C的度数是（）", "choices": ["60°", "50°", "40°", "30°"], "lable": 3, "formal_point": ["线段垂直平分线的性质", "等腰三角形的性质"], "answer": "∵D是AB垂直平分线上一点，∴AD＝BD，∴∠B＝∠BAD，∵∠ADC＝80°，∴∠B＝∠BAD＝40°，∵AB＝AC，∴∠C＝∠B＝40°．故选：C．", "comment": "此题考查了线段垂直平分线的性质，三角形外角的性质，等腰三角形的性质，关键是根据线段垂直平分线的性质和三角形外角的性质解答．"}