{"id": 10456, "subject": "如图，在△ABC中，AB＝AC，点P是△ABC内一点，且∠PBC＝∠PCA，若∠BPC＝115°，则∠A的度数为（）", "choices": ["50°", "55°", "60°", "65°"], "lable": 1, "formal_point": ["等腰三角形的性质"], "answer": "∵∠BPC＝115°，∴∠PBC+∠PCB＝65°，∵∠PBC＝∠PCA，∴∠PCB+∠PCA＝65°，∵AB＝AC，∴∠ABC＝∠ACB，∴∠ABC＝∠ACB＝65°，∴∠A＝180°−∠ABC﹣∠ACB＝180°﹣65°﹣65°＝50°．故选：A．", "comment": "此题主要考查了等腰三角形的性质，三角形内角和定理，关键是掌握三角形内角和是180°．"}