{"id": 10455, "subject": "如图，△ABC中，∠B＝40°，AC的垂直平分线交AC于D，交BC于E，且∠EAB：∠CAE＝3：1，则∠C等于（）", "choices": ["28°", "25°", "22.5°", "20°"], "lable": 1, "formal_point": ["线段垂直平分线的性质"], "answer": "设∠CAE＝x，则∠EAB＝3x．∵AC的垂直平分线交AC于D，交BC于E，∴AE＝CE．∴∠C＝∠CAE＝x．根据三角形的内角和定理，得∠C+∠BAC＝180°﹣∠B，即x+4x＝140°，∴x＝28°．则∠C＝28°．故选：A．", "comment": "此题考查了线段垂直平分线的性质、等腰三角形的性质以及三角形内角和定理．此题难度不大，解题的关键是由∠EAB：∠CAE＝3：1，可设∠EAB＝3x，∠EAC＝x，然后利用垂直平分线的性质，表示出各角的度数，利用三角形内角和定理列方程．"}