{"id": 10457, "subject": "在△ABC中，AB＝AC，∠B＝50°，P是边AB上的一个动点（不与顶点A重合），则∠BPC的值可能是（）", "choices": ["95°", "140°", "50°", "40°"], "lable": 1, "formal_point": ["等腰三角形的性质"], "answer": "∵AB＝AC，∴∠B＝∠ACB＝50°，∴∠A＝180°﹣50°×2＝80°，∵∠BPC＝∠A+∠ACP，∴∠BPC＞∠A，∴∠BPC＞80°，∵∠B＝50°，∴∠BPC＜180°﹣50°＝130°，则50°＜∠BPC＜130°，故∠BPC的值可能是95°．故选：A．", "comment": "此题主要考查了等腰三角形的性质，关键是掌握等腰三角形两底角相等．"}