{"id": 10467, "subject": "如图，在△ABC中，PM、QN分别是线段AB、AC的垂直平分线，若∠BAC＝110°，则∠PAQ的度数是（）", "choices": ["40°", "50°", "60°", "70°"], "lable": 1, "formal_point": ["线段垂直平分线的性质"], "answer": "∵∠BAC＝110°，∴∠B+∠C＝180°﹣∠BAC＝70°，∵PM、QN分别是线段AB、AC的垂直平分线，∴AP＝BP，CQ＝AQ，∴∠BAP＝∠B，∠CAQ＝∠C，∴∠BAP+∠CAQ＝∠B+∠C＝70°，∵∠BAC＝110°，∴∠PAQ＝∠BAC﹣（∠BAP+∠CAQ）＝110°﹣70°＝40°．故选：A．", "comment": "本题考查了等腰三角形的性质，三角形内角和定理，线段的垂直平分线的性质等知识点，能根据线段垂直平分线性质得出AP＝BP和AQ＝CQ是解此题的关键，注意：①线段垂直平分线上的点到线段两个端点的距离相等，②等边对等角，③三角形内角和等于180°．"}