{"id": 10469, "subject": "如图，在△ABC中，AB、AC的垂直平分线分别交BC于点E、F，若∠BAC＝102°，则∠EAF为（）", "choices": ["38°", "40°", "24°", "44°"], "lable": 3, "formal_point": ["线段垂直平分线的性质"], "answer": "∵∠BAC＝102°，∴∠B+∠C＝180°﹣102°＝78°，∵GE是线段AB的垂直平分线，∴EA＝EB，∴∠EAB＝∠B，同理可得：∠FAC＝∠C，∴∠EAB+∠FAC＝∠B+∠C＝78°，∴∠EAF＝102°﹣78°＝24°．故选：C．", "comment": "本题考查的是线段的垂直平分线的性质、三角形内角和定理，掌握线段的垂直平分线上的点到线段的两个端点的距离相等是解题的关键．"}