{"id": 10465, "subject": "如图，△ABC中，AB的垂直平分线分别交AB、BC于点D、E，AC的垂直平分线分别交AC、BC于点F、G，若∠BAC＝100°，则∠EAG的度数是（）", "choices": ["10°", "20°", "30°", "40°"], "lable": 2, "formal_point": ["线段垂直平分线的性质"], "answer": "∵∠BAC＝100°，∴∠C+∠B＝180°﹣100°＝80°，∵DE是AB的垂直平分线，∴EA＝EB，∴∠EAB＝∠B，同理∠GAC＝∠C，∴∠EAB+∠GAC＝∠C+∠B＝80°，∴∠EAG＝100°﹣80°＝20°．故选：B．", "comment": "本题考查的是线段的垂直平分线的性质和等腰三角形的性质，掌握线段的垂直平分线上的点到线段的两个端点的距离相等是解题的关键．"}