{"id": 10464, "subject": "如图所示，已知m∥n，等边△ABC的顶点B在直线n上，∠1＝25°，则∠2的度数是（）", "choices": ["25°", "35°", "45°", "55°"], "lable": 2, "formal_point": ["平行线的性质", "等边三角形的性质"], "answer": "过C点作CD∥m，∴∠ACD＝∠1＝25°，∵m∥n，∴CD∥n，∴∠2＝∠DCB，∵∠ACD+∠DCB＝∠ACB，∴∠2＝∠ACB﹣25°，∵△ABC为等边三角形，∴∠ACB＝60°，∴∠2＝60°﹣25°＝35°．故选：B．", "comment": "本题主要考查等边三角形的性质，平行线的性质，求得∠2＝∠ACB﹣25°是解题的关键．"}