{"id": 10466, "subject": "如图，在△ABC中，AB＝AC，∠A＝40°，BD平分∠ABC交AC于点D，则∠CDB等于（）", "choices": ["65°", "70°", "75°", "85°"], "lable": 3, "formal_point": ["等腰三角形的性质"], "answer": "∵△ABC中，AB＝AC，∠A＝40°，∴∠ABC＝∠C＝（180﹣∠A）÷2＝70°；又∵BD平分∠ABC交AC于点D，∴∠ABD＝35°，∴∠CDB＝∠A+∠ABD＝40°+35°＝75°．故选：C．", "comment": "本题主要考查了等腰三角形的性质．解题时，需要熟知三角形的内角和外角之间的关系．（1）三角形的外角等于与它不相邻的两个内角和．（2）三角形的内角和是180度．求角的度数常常要用到“三角形的内角和是180°这一隐含的条件．"}