{"id": 10462, "subject": "如图，在△ABC中，直线l为边BC的垂直平分线，l交AC于点Q，∠ABC的角平分线与l相交于点P．若∠BAC＝60°，∠ACP＝24°，则∠PQC是（）", "choices": ["34°", "36°", "44°", "46°"], "lable": 1, "formal_point": ["线段垂直平分线的性质"], "answer": "∵BP平分∠ABC，∴∠ABP＝∠CBP，∵直线l是线段BC的垂直平分线，∴BP＝CP，∴∠CBP＝∠BCP，∴∠ABP＝∠BCP，∵∠A+∠ACB+∠ABC＝180°，∠A＝60°，∠ACP＝24°，∴3∠ABP+24°+60°＝180°，∴∠ABP＝32°，∴∠PBC＝∠PCB＝32°，∴∠PQC＝0.5×（180°﹣32°﹣32°）﹣24°＝58°﹣24°＝34°．故选：A．", "comment": "本题考查的是线段垂直平分线的性质、三角形内角和定理，掌握线段的垂直平分线上的点到线段的两个端点的距离相等是解题的关键．"}