{"id": 10463, "subject": "如图，在△ABC中，∠B＝36°，AB＝AC，AD是△ABC的中线，则∠BAD的度数是（）", "choices": ["36°", "54°", "72°", "108°"], "lable": 2, "formal_point": ["等腰三角形的性质"], "answer": "∵AB＝AC，AD是△ABC的中线，∴AD⊥BC，∴∠ADB＝90°，∵∠B＝36°，∴∠BAD＝90°﹣36°＝54°．故选：B．", "comment": "本题考查了等腰三角形的性质，垂直的定义，熟练掌握等腰三角形的性质是解题的关键．"}