{"id": 10468, "subject": "如图，△ABC是等边三角形，AD是BC边上的中线，点E在AD上，且DE＝0.5×BC，则∠AFE＝（）", "choices": ["100°", "105°", "110°", "115°"], "lable": 2, "formal_point": ["等边三角形的性质"], "answer": "∵△ABC是等边三角形，∴∠BAC＝60°，∵AD是BC边上的中线，∴∠BAD＝0.5×∠BAC＝30°，AD⊥BC，BD＝CD＝0.5×BC，∴∠CDE＝90°，∵DE＝0.5×BC，∴DE＝DC，∴∠DEC＝∠DCE＝45°，∴∠AEF＝∠DEC＝45°，∴∠AFE＝180°﹣∠BAD﹣∠AEF＝180°﹣30°﹣45°＝105°．故选：B．", "comment": "本题考查了等边三角形的性质，三角形的内角和定理，熟练掌握等边三角形的性质是解题的关键．"}