{"id": 10461, "subject": "如图，在△ABC中，AC＝BC，点D在AC边上，点E在CB的延长线上，DE与AB相交于点F，若∠C＝50°，∠E＝25°，则∠BFE的度数为（）", "choices": ["30°", "40°", "50°", "60°"], "lable": 2, "formal_point": ["等腰三角形的性质"], "answer": "∵△ABC中，AC＝BC，∠C＝50°，∴∠ABC＝0.5×（180°﹣50°）＝65°，∵∠ABC是△BEF的外角，∴∠BFE＝∠ABC﹣∠E＝65°﹣25°＝40°．故选：B．", "comment": "本题主要考查了等腰三角形的性质，解题时注意：等腰三角形的两个底角相等．"}