{"id": 10460, "subject": "如图所示，∠DAB＝90°，∠DBA＝30°，AB＝BC＝√3，DC＝√7，则∠ACB＝（）", "choices": ["45°", "35°", "30°", "25°"], "lable": 3, "formal_point": ["含30度角的直角三角形"], "answer": "在△ABD中，∠DAB＝90°，∠DBA＝30°，∴AD＝0.5×BD，∵AD²+AB²＝BD²，AB＝√3，∴0.25×BD²+3＝BD²，∴BD＝2，∵BC＝√3，DC＝√7，∴BD²+BC²＝DC²，∴△BCD是直角三角形，∴∠DBC＝90°，∴∠ABC＝∠DBA+∠DBC＝90°+30°＝120°，∵AB＝BC，∴∠ACB＝∠CAB＝0.5×（180°﹣120°）＝30°．故选：C．", "comment": "此题考查了含30°角的直角三角形，熟记含30°角的直角三角形的性质及勾股定理是解题的关键．"}