{"id": 10479, "subject": "如图，在△ABC中，∠ACB＝90°，∠B﹣∠A＝10°，D是AB上一点，将△ACD沿CD翻折后得到△CED，边CE交AB于点F．若△DEF中有两个角相等，则∠ACD的度数为（）", "choices": ["15°或20°", "20°或30°", "15°或30°", "15°或25°"], "lable": 3, "formal_point": ["等腰三角形的性质", "直角三角形的性质"], "answer": "在△ABC中，∠ACB＝90°，∴∠B+∠A＝90°，∵∠B﹣∠A＝10°，∴∠A＝40°，∠B＝50°，设∠ACD＝x°，则∠CDF＝40°+x，∠ADC＝180°﹣40°﹣x＝140°﹣x，由折叠可知：∠ADC＝∠CDE，∠E＝∠A＝40°，当∠DFE＝∠E＝40°时，∵∠FDE+∠DFE+∠E＝180°，∴∠FDE＝180°﹣40°﹣40°＝100°，∴140°﹣x＝100°+40°+x，解得x＝0（不存在）；当∠FDE＝∠E＝40°时，∴140°﹣x＝40°+40°+x，解得x＝30，即∠ACD＝30°；当∠DFE＝∠FDE时，∵∠FDE+∠DFE+∠E＝180°，∴∠FDE＝\\frac{180°-40°}{2}=70°，∴140°﹣x＝70°+40°+x，解得x＝15，即∠ACD＝15°，综上，∠ACD＝15°或30°．故选：C．", "comment": "本题主要考查直角三角形的性质，等腰三角形的性质，三角形的内角和定理，根据∠ADC＝∠CDE分三种情况列方程是解题的关键．"}