{"id": 10470, "subject": "如图，在Rt△ABC中，∠B＝90°，ED是AC的垂直平分线，交AC于点D，交BC于点E．已知∠C＝7∠BAE，则∠C的度数为（）", "choices": ["41°", "42°", "43°", "44°"], "lable": 2, "formal_point": ["线段垂直平分线的性质", "直角三角形的性质"], "answer": "设∠BAE＝x°，则∠C＝7x°，∵ED是AC的垂直平分线，∴AE＝EC，∴∠EAC＝∠C＝7x°，∵∠B＝90°，∴∠C+∠BAC＝90°，∴7x+7x+x＝90，解得：x＝6，∴∠C＝7×6°＝42°．故选：B．", "comment": "本题考查了直角三角形的性质，等腰三角形的性质，线段垂直平分线的性质等知识点，能根据线段垂直平分线的性质求出AE＝CE是解题的关键．"}