{"id": 10476, "subject": "如图，在Rt△ABC中，∠B＝90°，ED是AC的垂直平分线，交AC于点D，交BC于点E．已知∠BAC＝5∠BAE，则∠C的度数为（）", "choices": ["30°", "40°", "50°", "60°"], "lable": 2, "formal_point": ["线段垂直平分线的性质", "直角三角形的性质"], "answer": "设∠BAE＝x°，则∠BAC＝5x°，∵ED是AC的垂直平分线，∴AE＝CE，∴∠C＝∠EAC＝5x°﹣x°＝4x°，∵∠B＝90°，∴∠C+∠BAC＝90°，∴4x+5x＝90，解得：x＝10，即∠C＝40°．故选：B．", "comment": "本题考查了直角三角形的性质，等腰三角形的性质，线段垂直平分线的性质等知识点，能根据线段垂直平分线性质求出AE＝CE是解此题的关键．"}