{"id": 10478, "subject": "如图，∠ABC＝40°，BD平分∠ABC，过D作DE∥AB交BC于点E，若点F在AB上，且满足DF＝DE，则∠DFB的度数为（）", "choices": ["20°", "140°", "20°或140°", "40°或140°"], "lable": 4, "formal_point": ["平行线的性质", "等腰三角形的判定与性质"], "answer": "以D为圆心，以DE长为半径画圆交AB于F，F'点，连接DF，DF'，则DE＝DF＝DF'，∴∠DFF'＝∠DF'F，∵BD平分∠ABC，由图形的对称性可知∠DFB＝∠DEB，∵DE∥AB，∠ABC＝40°∴∠DEB＝180°﹣40°＝140°，∴∠DFB＝140°；当点F位于点F'处时，∵DF＝DF'，∴∠DF'B＝∠DFF'＝40°．故选：D．", "comment": "本题主要考查等腰三角形的性质与判定，证明∠DFB＝∠DEB是解题的关键．"}