{"id": 10474, "subject": "如图，AD是等边三角形ABC的中线，点E在AC上，AE＝AD，则∠EDC等于（）", "choices": ["15°", "20°", "25°", "30°"], "lable": 1, "formal_point": ["等边三角形的性质"], "answer": "∵△ABC为等边三角形，∴∠BAC＝∠C＝60°，∵AD是等边三角形ABC的中线，∴∠CAD＝0.5×∠BAC＝30°，AD⊥BC，∵AD＝AE，∴∠ADE＝∠AED，∵∠AED+∠ADE+∠CAD＝180°，∴∠ADE＝75°，∴∠EDC＝15°．故选：A．", "comment": "本题主要考查等边三角形的性质，三角形的内角和定理，等腰三角形的性质，求解∠ADE的度数是解题的关键．"}