{"id": 10471, "subject": "如图，在△ABC中，AB＝AC，AC的垂直平分线l交BC于点D．若∠BAD＝78°，则∠B的度数是（）", "choices": ["34°", "30°", "28°", "26°"], "lable": 1, "formal_point": ["线段垂直平分线的性质", "等腰三角形的性质"], "answer": "∵AB＝AC，∴∠B＝∠C，∵AC的垂直平分线l交BC于点D，∴AD＝DC，∴∠DAC＝∠C，∵∠ADB＝∠DAC+∠C＝2∠C，∴∠ADB＝2∠B，∵∠BAD＝78°，∴∠B+∠ADB+∠BAD＝∠B+2∠B+78°＝180°，∴∠B＝34°．故选：A．", "comment": "本题考查了等腰三角形的性质，线段垂直平分线的性质，三角形的内角和定理，三角形外角的性质，根据三角形外角的性质证得∠ADB＝2∠B是解题的关键．"}