{"id": 10475, "subject": "如图，在△ABC中，AB＝AD＝CD，∠C＝38.5°，则∠BAD＝（）", "choices": ["26°", "28°", "36°", "38.5°"], "lable": 1, "formal_point": ["等腰三角形的性质"], "answer": "∵AD＝DC∴∠DAC＝∠C，∵∠C＝38.5°，∴∠DAC＝38.5°，∴∠BDA＝∠C+∠DAC＝77°，∵AB＝AD∴∠BDA＝∠B＝77°，∴∠BAD＝180°﹣∠BDA﹣∠B＝26°．故选：A．", "comment": "本题考查了等腰三角形的性质：等腰三角形两底角相等，属于基础性题目，比较简单．"}