{"id": 10472, "subject": "如图，在△ABC中，点O是边AB和AC的垂直平分线OD、OE的交点，若∠BOC＝100°，则这两条垂直平分线相交所成锐角α的度数为（）", "choices": ["40°", "45°", "50°", "80°"], "lable": 3, "formal_point": ["线段垂直平分线的性质"], "answer": "连接OA，∵点O是边AB和AC的垂直平分线OD、OE的交点，∴OA＝OB，OB＝OC，∴OA＝OB＝OC，∴∠BAO＝∠ABO，∠OBC＝∠OCB，∠CAO＝∠ACO，∵∠BOC＝100°，∴∠OBC+∠OCB＝180°﹣100°＝80°，∴∠ABO+∠BAO+∠OCA+∠OAC＝180°﹣（∠OBC+∠OCB）＝100°，∴2（∠BAO+∠CAO）＝100°，即∠BAC＝50°，∵点O是边AB和AC的垂直平分线OD、OE的交点，∴∠ODA＝∠OEA＝90°，∴∠DOE＝360°﹣90°﹣90°﹣50°＝130°，∴∠α＝180°﹣130°＝50°．故选：C．", "comment": "本题考查了三角形的内角和定理，线段垂直平分线的性质，等腰三角形的性质等知识点，熟记线段垂直平分线上的点到线段两个端点的距离相等是解此题的关键．"}