{"id": 10473, "subject": "如图，已知△ABC中，∠B＝50°，P为△ABC内一点，过点P的直线MN分别交AB，BC于点M、N．若M在PA的中垂线上，N在PC的中垂线上，则∠APC的度数为（）", "choices": ["100°", "105°", "115°", "120°"], "lable": 3, "formal_point": ["线段垂直平分线的性质"], "answer": "∵∠ABC＝50°，∴∠BAC+∠ACB＝130°，∵M在PA的中垂线上，N在PC的中垂线上，∴AM＝PM，PN＝CN，∴∠MAP＝∠APM，∠CPN＝∠PCN，∵∠APC＝180°﹣∠APM﹣∠CPN＝180°﹣∠PAC﹣∠ACP，∴∠MAP+∠PCN＝∠PAC+∠ACP＝0.5×130°＝65°，∴∠APC＝115°．故选：C．", "comment": "本题考查的是线段的垂直平分线的性质，等腰三角形的性质，三角形的内角和定理，熟练掌握线段的垂直平分线的性质是解题的关键．"}