{"id": 10477, "subject": "如图，在Rt△ABC中，∠CAB＝90°，∠C＝48°，以点B为圆心，BA长为半径画弧，交CB于点T，连接AT，则∠CAT的度数是（）", "choices": ["64°", "24°", "21°", "16°"], "lable": 3, "formal_point": ["等腰三角形的性质"], "answer": "由题意可得，BT＝AB，∴△BTA是等腰三角形，∵∠CAB＝90°，∠C＝48°，∴∠B＝90°﹣48°＝42°，∴∠BTA＝\\frac{180°-42°}{2}＝69°，∴∠CAT＝∠BTA﹣∠C＝69°﹣48°＝21°．故选：C．", "comment": "此题考查等腰三角形的性质，关键是根据等腰三角形的两底角相等解答．"}