{"id": 10484, "subject": "如图，在△ABC中，I是三角形角平分线的交点，O是三边垂直平分线的交点，连接AI，BI，AO，BO，若∠AOB＝140°，则∠AIB的大小为（）", "choices": ["160°", "140°", "130°", "125°"], "lable": 4, "formal_point": ["线段垂直平分线的性质"], "answer": "连接CO，∵∠AOB＝140°，∴∠OAB+∠OBA＝180°﹣140°＝40°，∴∠OCA+∠OAC+∠OCB+∠OBC＝180°﹣40°＝140°，∵O是三边垂直平分线的交点，∴OA＝OC，OB＝OC，∴∠OCA＝∠OAC，∠OCB＝∠OBC，∴∠OCA+∠OCB＝70°，∴∠CAB+∠CBA＝180°﹣70°＝110°，∵AI平分∠BAC，BI平分∠ABC，∴∠IAB＝0.5×∠CAB，∠IBA＝0.5×∠CBA，∴∠IAB+∠IBA＝0.5×（∠CAB+∠CBA）＝55°，∴∠AIB＝180°﹣55°＝125°．故选：D．", "comment": "本题考查的是线段的垂直平分线的性质、三角形内角和定理，掌握线段的垂直平分线上的点到线段的两个端点的距离相等是解题的关键．"}