{"id": 10480, "subject": "如图，在△ABC中，AB＝AC，∠B＝65°，点D在BA的延长线上，AE平分∠DAC，则∠DAE的度数是（）", "choices": ["50°", "65°", "75°", "130°"], "lable": 2, "formal_point": ["角平分线的定义", "三角形的外角性质", "等腰三角形的性质"], "answer": "∵AB＝AC，∠B＝65°，∴∠B＝∠C＝65°，∴∠DAC＝∠B+∠C＝130°，∵AE平分∠DAC，∴∠DAE＝0.5×∠DAC＝65°．故选：B．", "comment": "本题考查了等腰三角形的性质，三角形外角的性质，角平分线的定义，熟练掌握等腰三角形的性质是解题的关键．"}