{"id": 10487, "subject": "如图所示，在△ABC中，AB＝AC，∠A＝40°，DE垂直平分AB，则∠DBC的度数是（）", "choices": ["30°", "20°", "15°", "10°"], "lable": 1, "formal_point": ["线段垂直平分线的性质", "等腰三角形的性质"], "answer": "∵∠A＝40°，AB＝AC，∴∠ABC＝∠ACB＝70°，又∵DE垂直平分AB，∴DB＝AD∴∠ABD＝∠A＝40°，∴∠DBC＝∠ABC﹣∠ABD＝70°﹣40°＝30°．故选：A．", "comment": "此题主要考查了等腰三角形的性质以及线段垂直平分线的性质．主要了解线段垂直平分线的性质即可求解．"}