{"id": 10481, "subject": "如图，在等腰三角形ABC中，AB＝AC，∠A＝50°，直线MN垂直平分边AC，分别交AB，AC于点D，E，则∠BCD＝（）", "choices": ["10°", "15°", "20°", "25°"], "lable": 2, "formal_point": ["线段垂直平分线的性质", "等腰三角形的性质"], "answer": "∵AB＝AC，∠A＝50°，∴∠ACB＝∠B＝\\frac{180°-50°}{2}＝65°，∵直线MN垂直平分边AC，∴AD＝CD，∴∠ACD＝∠A＝50°，∴∠BCD＝∠ACB﹣∠ACD＝15°．故选：B．", "comment": "本题考查了线段垂直平分线上的点到线段两端点的距离相等的性质，等腰三角形的性质，求出∠ACB＝65°，∠ACD＝50°是解题的关键．"}