{"id": 10486, "subject": "如图，在△ABC中，D是AB垂直平分线上一点，∠CAD＝80°，∠C＝50°，则∠B的度数是（）", "choices": ["25°", "30°", "40°", "50°"], "lable": 1, "formal_point": ["线段垂直平分线的性质"], "answer": "∵∠CAD＝80°，∠C＝50°，∴∠ADC＝50°，∵AB的垂直平分线交BC于点D，∴AD＝BD，∴∠B＝∠BAD＝0.55×∠ADC＝25°．故选：A．", "comment": "此题考查了线段垂直平分线的性质，三角形的内角和定理，关键是根据线段垂直平分线的性质和三角形的内角和定理解答．"}