{"id": 10482, "subject": "如图，△ABC中，∠ABC＝∠ACB，∠A＝50°，P是△ABC内的一点，且∠PBC＝∠PCA，则∠BPC等于（）", "choices": ["115°", "100°", "130°", "140°"], "lable": 1, "formal_point": ["三角形内角和定理", "三角形的外角性质", "等腰三角形的性质"], "answer": "在△ABC中，∠ABC＝∠ACB，∠A＝50°，∴∠ACB＝∠ABC＝65°．又∵∠PBC＝∠PCA，∴∠PBC+∠PCB＝65°，∴∠BPC＝115°．故选：A．", "comment": "本题考查了等腰三角形的性质，三角形内角和定理，三角形外角的性质，熟练掌握这些性质是解题的关键．"}