{"id": 10489, "subject": "如图，在△ABE中，∠E＝25°，AE的垂直平分线MN交BE于点C，连接AC，若AB＝AC，那么∠BAE的度数是（）", "choices": ["100°", "105°", "110°", "120°"], "lable": 2, "formal_point": ["线段垂直平分线的性质", "等腰三角形的性质"], "answer": "∵MN是AE的垂直平分线，∴CA＝CE，∴∠CAE＝∠E＝25°，∴∠ACB＝2∠E＝50°，∵AB＝AC，∴∠B＝∠ACB＝2∠E＝50°，∴∠BAC＝180°﹣∠B﹣∠ACB＝80°，∴∠BAE＝∠BAC+∠CAE＝80°+25°＝105°．故选：B．", "comment": "本题考查的是等腰三角形的性质，线段的垂直平分线的性质，掌握线段的垂直平分线上的点到线段的两个端点的距离相等是解题的关键．"}