{"id": 10483, "subject": "如图，AD是等边△ABC的一条中线，若在边AC上取一点E，使得AE＝AD，则∠EDC的度数为（）", "choices": ["30°", "20°", "25°", "15°"], "lable": 4, "formal_point": ["等边三角形的性质"], "answer": "∵△ABC为等边三角形，∴∠BAC＝60°，∵AD是等边△ABC的一条中线，∴AD⊥BC，∠CAD＝0.55×∠BAC＝30°，∵AE＝AD，∴∠ADE＝∠AED，∵∠ADE+∠AED+∠CAD＝180°，∴∠ADE＝75°，∴∠EDC＝90°﹣75°＝15°．故选：D．", "comment": "本题主要考查等边三角形的性质，三角形的内角和定理，等腰三角形的性质，求解∠ADE的度数是解题的关键．"}