{"id": 10485, "subject": "如图，在△ABC中，AB＝AC，AD为BC边上的中线，∠B＝25°，则∠CAD的度数为（）", "choices": ["55°", "65°", "75°", "85°"], "lable": 2, "formal_point": ["等腰三角形的性质"], "answer": "∵AB＝AC，AD是BC边上的中线，∴AD⊥BC，∠BAD＝∠CAD，∴∠B+∠BAD＝90°，∵∠B＝25°，∴∠BAD＝65°，∴∠CAD＝65°．故选：B．", "comment": "考查了等腰三角形的性质，了解等腰三角形底边的高、底边的中线及顶角的平分线互相重合是解答本题的关键，难度不大．"}