{"id": 10488, "subject": "如图，△ABC中，AB＝AC，AD是BC边上的中线，若∠B＝70°，则∠BAD等于（）", "choices": ["20°", "30°", "40°", "50°"], "lable": 1, "formal_point": ["等腰三角形的性质"], "answer": "∵AB＝AC，AD为BC边上的中线，∴AD⊥BC，∴∠BAD＝90°﹣∠B＝20°．故选：A．", "comment": "此题主要考查等腰三角形顶角的平分线、底边的中线、底边的高互相重合三线合一的性质；利用三角形的内角和定理求角度是常用的方法，要熟练掌握．"}