{"id": 10493, "subject": "如图，直线a∥b，在△ABC中，点C在直线b上，若∠1＝40°，∠2＝20°，则∠B的度数为（）", "choices": ["30°", "40°", "45°", "60°"], "lable": 4, "formal_point": ["平行线的性质", "三角形内角和定理"], "answer": "过点B作直线c∥a．∵a∥b，∴a∥b∥c．∵a∥c，∴∠3＝∠1＝40°．∵b∥c，∴∠2＝∠4＝20°．∴∠ABC＝∠3+∠4＝60°．故选：D．", "comment": "本题考查了平行线的判定和性质，作a的平行线，利用平行线的性质把∠1、∠2、∠B联系起来是解决本题的关键．"}