{"id": 10498, "subject": "如图，有一块含有60°角的直角三角板的两个顶点放在长方形的对边上，如果∠1＝17°，那么∠2的度数是（）", "choices": ["15°", "14", "13°", "12"], "lable": 3, "formal_point": ["平行线的性质"], "answer": "∵长方形的对边平行，∴∠2＝∠3，∵∠1+∠3＝90°﹣60°＝30°，∠1＝17°，∴∠2＝∠3＝30°﹣17°＝13°．故选：C．", "comment": "本题主要考查平行线的性质，熟练掌握两直线平行内错角相等是解题的关键．"}