{"id": 10494, "subject": "如图，在长方形ABCD纸片中，AD∥BC，AB∥CD，把纸片沿EF折叠后，点C、D分别落在C'、D'的位置．若∠EFB＝65°，则∠AED'等于（）", "choices": ["70°", "65°", "50°", "25°"], "lable": 3, "formal_point": ["平行线的性质"], "answer": "∵四边形ABCD为长方形，∴AD∥BC，∴∠DEF＝∠EFB＝65°，又由折叠的性质可得∠D′EF＝∠DEF＝65°，∴∠AED′＝180°﹣65°﹣65°＝50°．故选：C．", "comment": "本题主要考查平行线的性质及折叠的性质，掌握两直线平行，内错角相等是解题的关键．"}