{"id": 10490, "subject": "如图，△ABC中，BA＝BC，DE是边AB的垂直平分线，分别交BC、AB于点D、E，连接AD，若AD恰好为∠BAC的平分线，则∠B的度数是（）", "choices": ["60°", "45°", "36°", "30°"], "lable": 3, "formal_point": ["线段垂直平分线的性质", "等腰三角形的性质"], "answer": "设∠B＝x°，∵DE是边AB的垂直平分线，∴DB＝DA，∴∠DAB＝∠B＝x°，∵AD平分∠BAC，∴∠BAC＝2∠BAD＝2x°，∵BA＝BC，∴∠C＝∠BAC＝2x°，在△ABC中，根据三角形的内角和定理得：x+2x+2x＝180，解得：x＝36，∴∠B＝36°．故选：C．", "comment": "本题考查了等腰三角形的性质及线段的垂直平分线的性质，解题的关键是设出未知数并列出方程求解．"}