{"id": 10495, "subject": "一副三角板如图摆放（直角顶点C互相重合），边AB、CD交于F点，DE∥BC，则∠AFC的度数是（）", "choices": ["60°", "75°", "100°", "105°"], "lable": 2, "formal_point": ["平行线的性质", "三角形的外角性质"], "answer": "∵DE∥BC，∴∠DCB＝∠D＝45°（两直线平行，内错角相等），∵∠AFC是△BFC的外角，∴∠AFC＝∠B+∠DCB＝30°+45°＝75°．故选：B．", "comment": "本题考查了平行线的性质和三角形外角的性质熟练应用，难度不大，学生做题时要找对角即可．"}