{"id": 10497, "subject": "如图，直线AB∥CD，∠A＝40°，∠D＝45°，∠2的度数是（）", "choices": ["80°", "85°", "90°", "95°"], "lable": 2, "formal_point": ["平行线的性质", "三角形的外角性质"], "answer": "如图，∵AB∥CD，∴∠1＝∠A＝40°，∵∠2是△CDE的外角，∴∠2＝45°+40°＝85°．故选：B．", "comment": "本题主要考查平行线的性质定理，解题关键是借助三角形的一个外角等于两个不相邻的两个内角之和求解．"}