{"id": 10499, "subject": "如图，已知AF平分∠BAC，交BC于点E，过点F作FD⊥BC于点D．若∠B比∠C大20°，则∠F的度数是（）", "choices": ["10°", "15°", "20°", "不能确定"], "lable": 1, "formal_point": ["三角形内角和定理"], "answer": "由题意知：∠B＝∠C+20°．∵AF平分∠BAC，∴∠BAE＝∠CAE．又∵∠BAE+∠B+∠BEA＝∠CAE+∠C+∠AEC，∴∠B+∠AEB＝∠C+∠AEC．∴∠AEC＝∠AEB+20°．又∵∠AEB+∠AEC＝180°，∴∠AEB+∠AEB+20°＝180°．∴∠AEB＝80°．∵∠AEC＝100°．∵FD⊥BC，∴∠EDF＝90°．∵∠AEC＝∠EDF+∠F，∴∠F＝∠AEC﹣∠EDF＝100°﹣90°＝10°．故选：A．", "comment": "本题主要考查三角形内角和定理以及三角形外角的性质，熟练掌握三角形内角和定理以及三角形外角的性质是解决本题的关键．"}