{"id": 10492, "subject": "如图，点D在等边△ABC的边CB的延长线上，点E在线段BC上，连接AD，AE，若DA＝DE，且∠DAB＝20°，那么∠EAC的度数为（）", "choices": ["20°", "15°", "10°", "5°"], "lable": 3, "formal_point": ["等边三角形的性质"], "answer": "∵△ABC为等边三角形，∴∠ABC＝∠BAC＝60°，∵∠ABC＝∠D+∠DAB，∴∠D＝60°﹣20°＝40°，∵DA＝DE，∴∠DAE＝∠DEA，∴∠DAE＝0.5×（180°﹣∠D）＝0.5×（180°﹣40°）＝70°，∴∠EAC＝∠DAB+∠BAC﹣∠DAE＝20°+60°﹣70°＝10°．故选：C．", "comment": "本题考查了等边三角形的性质，熟练掌握等边三角形的性质（等边三角形的三个内角都为60°）是解决问题的关键．"}