{"id": 10496, "subject": "如图，将三角尺的直角顶点放在直尺的一边上，∠1＝25°，∠2＝45°，则∠3的度数等于（）", "choices": ["20°", "30°", "50°", "80°"], "lable": 1, "formal_point": ["平行线的性质", "三角形的外角性质"], "answer": "如图，∵a∥b，∴∠4＝∠2＝45°，∵∠4＝∠1+∠3，∠1＝25°，∴∠3＝∠4﹣∠1＝20°．故选：A．", "comment": "本题考查平行线的性质，三角形的外角的性质等知识，解题的关键是熟练掌握基本知识．"}