{"id": 10491, "subject": "如图，已知∠B＝20°，∠C＝25°，若MP和QN分别垂直平分AB和AC，则∠PAQ等于（）", "choices": ["80°", "90°", "100°", "105°"], "lable": 2, "formal_point": ["线段垂直平分线的性质"], "answer": "∵∠B＝20°，∠C＝25°，∴∠BAC＝180°﹣∠B﹣∠C＝135°，∵MP和QN分别垂直平分AB和AC，∴PA＝PB，QA＝QC，∴∠PAB＝∠B＝20°，∠QAC＝∠C＝25°，∴∠PAQ＝∠BAC﹣∠PAB﹣∠QAC＝135°﹣20°﹣25°＝90°．故选：B．", "comment": "本题考查的是线段垂直平分线的性质、等腰三角形的性质、三角形内角和定理，掌握线段垂直平分线上的点到线段两端点的距离相等是解题的关键．"}